"CAINC1 County personal income summary: personal income, population, per capita personal income"
"CAINC1 County personal income summary: personal income, population, per capita personal income"
County
GeoFIPS,GeoName,2024
01001,"Autauga, AL",55710
01003,"Baldwin, AL",63905
01005,"Barbour, AL",44906
01007,"Bibb, AL",41951
01009,"Blount, AL",48543
01011,"Bullock, AL",39403
01013,"Butler, AL",53320
01015,"Calhoun, AL",47333
01017,"Chambers, AL",43944
01019,"Cherokee, AL",47994
01021,"Chilton, AL",48183
01023,"Choctaw, AL",49151
01025,"Clarke, AL",49608
01027,"Clay, AL",42162
01029,"Cleburne, AL",47223
01031,"Coffee, AL",56824
01033,"Colbert, AL",48831
01035,"Conecuh, AL",45620
01037,"Coosa, AL",43813
01039,"Covington, AL",47143
01041,"Crenshaw, AL",52962
01043,"Cullman, AL",53577
01045,"Dale, AL",48767
01047,"Dallas, AL",48214
01049,"DeKalb, AL",45152
01051,"Elmore, AL",55485
01053,"Escambia, AL",45432
01055,"Etowah, AL",47787
01057,"Fayette, AL",45612
01059,"Franklin, AL",44751
01061,"Geneva, AL",46556
01063,"Greene, AL",43030
01065,"Hale, AL",48326
01067,"Henry, AL",56661
01069,"Houston, AL",57714
01071,"Jackson, AL",48078
01073,"Jefferson, AL",75312
01075,"Lamar, AL",44886
01077,"Lauderdale, AL",49560
01079,"Lawrence, AL",47190
01081,"Lee, AL",50811
01083,"Limestone, AL",59614
01085,"Lowndes, AL",58121
01087,"Macon, AL",44788
01089,"Madison, AL",69038
01091,"Marengo, AL",52576
01093,"Marion, AL",47179
01095,"Marshall, AL",51209
01097,"Mobile, AL",53901
01099,"Monroe, AL",46759
01101,"Montgomery, AL",57265
01103,"Morgan, AL",52318
01105,"Perry, AL",44524
01107,"Pickens, AL",45013
01109,"Pike, AL",51706
01111,"Randolph, AL",45447
01113,"Russell, AL",43971
01115,"St. Clair, AL",54878
01117,"Shelby, AL",74513
01119,"Sumter, AL",43035
01121,"Talladega, AL",45757
01123,"Tallapoosa, AL",55117
01125,"Tuscaloosa, AL",46696
01127,"Walker, AL",54820
01129,"Washington, AL",50546
01131,"Wilcox, AL",44610
01133,"Winston, AL",47281
02010,"Aleutian Islands Census Area, AK*",(NA)
02013,"Aleutians East Borough, AK*",49624
02016,"Aleutians West Census Area, AK*",69676
02020,"Anchorage Municipality, AK",84370
02050,"Bethel Census Area, AK*",50706
02060,"Bristol Bay Borough, AK",158406
02063,"Chugach Census Area, AK*",74430
02066,"Copper River Census Area, AK*",64258
02068,"Denali Borough, AK*",134417
02070,"Dillingham Census Area, AK*",66350
02090,"Fairbanks North Star Borough, AK",75191
02100,"Haines Borough, AK*",100738
02105,"Hoonah-Angoon Census Area, AK*",77925
02110,"Juneau City and Borough, AK",88889
02122,"Kenai Peninsula Borough, AK*",67429
02130,"Ketchikan Gateway Borough, AK*",85247
02150,"Kodiak Island Borough, AK",76286
02158,"Kusilvak Census Area, AK*",37765
02164,"Lake and Peninsula Borough, AK*",76538
02170,"Matanuska-Susitna Borough, AK",63994
02180,"Nome Census Area, AK",68245
02185,"North Slope Borough, AK*",92214
02188,"Northwest Arctic Borough, AK",62888
02195,"Petersburg Borough, AK*",82785
02198,"Prince of Wales-Hyder Census Area, AK*",56996
02201,"Prince of Wales-Outer Ketchikan Census Area, AK*",(NA)
02220,"Sitka City and Borough, AK*",91448
02230,"Skagway Municipality, AK*",99837
02231,"Skagway-Yakutat-Angoon Census Area, AK*",(NA)
02232,"Skagway-Hoonah-Angoon Census Area, AK*",(NA)
02240,"Southeast Fairbanks Census Area, AK*",68784
02261,"Valdez-Cordova Census Area, AK*",(NA)
02275,"Wrangell City and Borough, AK*",67715
02280,"Wrangell-Petersburg Census Area, AK*",(NA)
02282,"Yakutat City and Borough, AK*",64065
02290,"Yukon-Koyukuk Census Area, AK*",73588
02901,"Aleutian Islands Division, AK*",(NA)
02903,"Angoon Division, AK*",(NA)
02904,"Barrow-North Slope Division, AK*",(NA)
02905,"Bethel Division, AK*",(NA)
02907,"Bristol Bay Division, AK*",(NA)
02908,"Cordova-McCarthy Division, AK*",(NA)
02910,"Haines Division, AK*",(NA)
02912,"Kenai-Cook Inlet Division, AK*",(NA)
02916,"Kuskokwim Division, AK*",(NA)
02919,"Outer Ketchikan Division, AK*",(NA)
02920,"Prince of Wales Division, AK*",(NA)
02921,"Seward Division, AK*",(NA)
02922,"Sitka Division, AK*",(NA)
02923,"Skagway-Yakutat Division, AK*",(NA)
02924,"Southeast Fairbanks Division, AK*",(NA)
02925,"Upper Yukon Division, AK*",(NA)
02926,"Valdez-Chitina-Whittier Division, AK*",(NA)
02928,"Wrangell-Petersburg Division, AK*",(NA)
02929,"Yukon-Koyukuk Division, AK*",(NA)
04001,"Apache, AZ",48830
04003,"Cochise, AZ",55303
04005,"Coconino, AZ",63794
04007,"Gila, AZ",57097
04009,"Graham, AZ",44164
04011,"Greenlee, AZ",58574
04012,"La Paz, AZ*",57451
04013,"Maricopa, AZ",72176
04015,"Mohave, AZ",48586
04017,"Navajo, AZ",46577
04019,"Pima, AZ",60425
04021,"Pinal, AZ",50771
04023,"Santa Cruz, AZ",50841
04025,"Yavapai, AZ",60854
04027,"Yuma, AZ*",47582
05001,"Arkansas, AR",61998
05003,"Ashley, AR",47973
05005,"Baxter, AR",48272
05007,"Benton, AR",120594
05009,"Boone, AR",46825
05011,"Bradley, AR",51688
05013,"Calhoun, AR",52035
05015,"Carroll, AR",45250
05017,"Chicot, AR",51481
05019,"Clark, AR",46783
05021,"Clay, AR",47192
05023,"Cleburne, AR",52409
05025,"Cleveland, AR",56794
05027,"Columbia, AR",49741
05029,"Conway, AR",51282
05031,"Craighead, AR",50720
05033,"Crawford, AR",45258
05035,"Crittenden, AR",47489
05037,"Cross, AR",46008
05039,"Dallas, AR",51824
05041,"Desha, AR",52490
05043,"Drew, AR",49891
05045,"Faulkner, AR",52556
05047,"Franklin, AR",47157
05049,"Fulton, AR",36902
05051,"Garland, AR",53635
05053,"Grant, AR",52550
05055,"Greene, AR",44671
05057,"Hempstead, AR",46617
05059,"Hot Spring, AR",41293
05061,"Howard, AR",52293
05063,"Independence, AR",49157
05065,"Izard, AR",39333
05067,"Jackson, AR",50459
05069,"Jefferson, AR",44232
05071,"Johnson, AR",37274
05073,"Lafayette, AR",55234
05075,"Lawrence, AR",43454
05077,"Lee, AR",40453
05079,"Lincoln, AR",36032
05081,"Little River, AR",47040
05083,"Logan, AR",44503
05085,"Lonoke, AR",53746
05087,"Madison, AR",49116
05089,"Marion, AR",40556
05091,"Miller, AR",44980
05093,"Mississippi, AR",52873
05095,"Monroe, AR",45207
05097,"Montgomery, AR",43048
05099,"Nevada, AR",43035
05101,"Newton, AR",41851
05103,"Ouachita, AR",53075
05105,"Perry, AR",50849
05107,"Phillips, AR",46172
05109,"Pike, AR",46345
05111,"Poinsett, AR",47523
05113,"Polk, AR",44039
05115,"Pope, AR",45559
05117,"Prairie, AR",47967
05119,"Pulaski, AR",67740
05121,"Randolph, AR",43312
05123,"St. Francis, AR",38259
05125,"Saline, AR",56086
05127,"Scott, AR",44492
05129,"Searcy, AR",37061
05131,"Sebastian, AR",51559
05133,"Sevier, AR",48016
05135,"Sharp, AR",46346
05137,"Stone, AR",39858
05139,"Union, AR",57817
05141,"Van Buren, AR",42757
05143,"Washington, AR",54752
05145,"White, AR",48191
05147,"Woodruff, AR",56453
05149,"Yell, AR",48409
06001,"Alameda, CA",111268
06003,"Alpine, CA",88146
06005,"Amador, CA",53703
06007,"Butte, CA",61191
06009,"Calaveras, CA",64051
06011,"Colusa, CA",61656
06013,"Contra Costa, CA",108259
06015,"Del Norte, CA",50144
06017,"El Dorado, CA",89554
06019,"Fresno, CA",57584
06021,"Glenn, CA",58305
06023,"Humboldt, CA",62031
06025,"Imperial, CA",52117
06027,"Inyo, CA",72766
06029,"Kern, CA",50641
06031,"Kings, CA",47718
06033,"Lake, CA",52606
06035,"Lassen, CA",48818
06037,"Los Angeles, CA",83888
06039,"Madera, CA",51225
06041,"Marin, CA",190891
06043,"Mariposa, CA",70855
06045,"Mendocino, CA",62438
06047,"Merced, CA",51481
06049,"Modoc, CA",68353
06051,"Mono, CA",75036
06053,"Monterey, CA",74175
06055,"Napa, CA",103017
06057,"Nevada, CA",80346
06059,"Orange, CA",94034
06061,"Placer, CA",87751
06063,"Plumas, CA",71569
06065,"Riverside, CA",56404
06067,"Sacramento, CA",69693
06069,"San Benito, CA",69967
06071,"San Bernardino, CA",53991
06073,"San Diego, CA",84312
06075,"San Francisco, CA",171497
06077,"San Joaquin, CA",63017
06079,"San Luis Obispo, CA",77564
06081,"San Mateo, CA",179656
06083,"Santa Barbara, CA",88347
06085,"Santa Clara, CA",157620
06087,"Santa Cruz, CA",93580
06089,"Shasta, CA",61769
06091,"Sierra, CA",56704
06093,"Siskiyou, CA",61164
06095,"Solano, CA",67744
06097,"Sonoma, CA",88832
06099,"Stanislaus, CA",56741
06101,"Sutter, CA",57844
06103,"Tehama, CA",53402
06105,"Trinity, CA",42191
06107,"Tulare, CA",53098
06109,"Tuolumne, CA",61604
06111,"Ventura, CA",82558
06113,"Yolo, CA",71044
06115,"Yuba, CA",54741
08001,"Adams, CO*",60273
08003,"Alamosa, CO",46523
08005,"Arapahoe, CO",84131
08007,"Archuleta, CO",62563
08009,"Baca, CO",53426
08011,"Bent, CO",34964
08013,"Boulder, CO*",104808
08014,"Broomfield, CO*",93044
08015,"Chaffee, CO",71431
08017,"Cheyenne, CO",79060
08019,"Clear Creek, CO",85137
08021,"Conejos, CO",47836
08023,"Costilla, CO",43334
08025,"Crowley, CO",27232
08027,"Custer, CO",58809
08029,"Delta, CO",53170
08031,"Denver, CO",119263
08033,"Dolores, CO",42287
08035,"Douglas, CO",107204
08037,"Eagle, CO",137706
08039,"Elbert, CO",79244
08041,"El Paso, CO",68934
08043,"Fremont, CO",45918
08045,"Garfield, CO",74757
08047,"Gilpin, CO",73129
08049,"Grand, CO",81305
08051,"Gunnison, CO",75184
08053,"Hinsdale, CO",74083
08055,"Huerfano, CO",53491
08057,"Jackson, CO",77936
08059,"Jefferson, CO*",88698
08061,"Kiowa, CO",74364
08063,"Kit Carson, CO",52550
08065,"Lake, CO",58221
08067,"La Plata, CO",81031
08069,"Larimer, CO",73894
08071,"Las Animas, CO",47422
08073,"Lincoln, CO",39836
08075,"Logan, CO",57669
08077,"Mesa, CO",59925
08079,"Mineral, CO",80926
08081,"Moffat, CO",54160
08083,"Montezuma, CO",55437
08085,"Montrose, CO",57305
08087,"Morgan, CO",55065
08089,"Otero, CO",47135
08091,"Ouray, CO",91554
08093,"Park, CO",65741
08095,"Phillips, CO",54291
08097,"Pitkin, CO",275044
08099,"Prowers, CO",49149
08101,"Pueblo, CO",51492
08103,"Rio Blanco, CO",65123
08105,"Rio Grande, CO",63008
08107,"Routt, CO",136239
08109,"Saguache, CO",43701
08111,"San Juan, CO",59114
08113,"San Miguel, CO",160783
08115,"Sedgwick, CO",54027
08117,"Summit, CO",112809
08119,"Teller, CO",70651
08121,"Washington, CO",48606
08123,"Weld, CO*",63672
08125,"Yuma, CO",54895
09001,"Fairfield, CT*",(NA)
09003,"Hartford, CT*",(NA)
09005,"Litchfield, CT*",(NA)
09007,"Middlesex, CT*",(NA)
09009,"New Haven, CT*",(NA)
09011,"New London, CT*",(NA)
09013,"Tolland, CT*",(NA)
09015,"Windham, CT*",(NA)
09110,"Capitol, CT*",82719
09120,"Greater Bridgeport, CT*",106897
09130,"Lower Connecticut River Valley, CT*",87273
09140,"Naugatuck Valley, CT*",72474
09150,"Northeastern Connecticut, CT*",67025
09160,"Northwest Hills, CT*",83433
09170,"South Central Connecticut, CT*",73967
09180,"Southeastern Connecticut, CT*",64845
09190,"Western Connecticut, CT*",165513
10001,"Kent, DE",55474
10003,"New Castle, DE",69609
10005,"Sussex, DE",73647
11001,"District of Columbia, DC",111185
12001,"Alachua, FL",58873
12003,"Baker, FL",47620
12005,"Bay, FL",58101
12007,"Bradford, FL",46074
12009,"Brevard, FL",64167
12011,"Broward, FL",74506
12013,"Calhoun, FL",41473
12015,"Charlotte, FL",59995
12017,"Citrus, FL",50762
12019,"Clay, FL",59301
12021,"Collier, FL",150140
12023,"Columbia, FL",48052
12027,"DeSoto, FL",35938
12029,"Dixie, FL",37869
12031,"Duval, FL",62750
12033,"Escambia, FL",59212
12035,"Flagler, FL",66716
12037,"Franklin, FL",47784
12039,"Gadsden, FL",50734
12041,"Gilchrist, FL",46034
12043,"Glades, FL",34547
12045,"Gulf, FL",53917
12047,"Hamilton, FL",37697
12049,"Hardee, FL",37993
12051,"Hendry, FL",42202
12053,"Hernando, FL",51450
12055,"Highlands, FL",46499
12057,"Hillsborough, FL",67712
12059,"Holmes, FL",43920
12061,"Indian River, FL",115408
12063,"Jackson, FL",42319
12065,"Jefferson, FL",54573
12067,"Lafayette, FL",38129
12069,"Lake, FL",58161
12071,"Lee, FL",70329
12073,"Leon, FL",61912
12075,"Levy, FL",49341
12077,"Liberty, FL",37008
12079,"Madison, FL",47115
12081,"Manatee, FL",68505
12083,"Marion, FL",49299
12085,"Martin, FL",124697
12086,"Miami-Dade, FL",78567
12087,"Monroe, FL",147760
12089,"Nassau, FL",83469
12091,"Okaloosa, FL",66226
12093,"Okeechobee, FL",44009
12095,"Orange, FL",62855
12097,"Osceola, FL",49092
12099,"Palm Beach, FL",126852
12101,"Pasco, FL",59136
12103,"Pinellas, FL",78288
12105,"Polk, FL",46274
12107,"Putnam, FL",43968
12109,"St. Johns, FL",93079
12111,"St. Lucie, FL",56971
12113,"Santa Rosa, FL",62893
12115,"Sarasota, FL",94099
12117,"Seminole, FL",65730
12119,"Sumter, FL",76421
12121,"Suwannee, FL",44774
12123,"Taylor, FL",38496
12125,"Union, FL",30156
12127,"Volusia, FL",59259
12129,"Wakulla, FL",55224
12131,"Walton, FL",94582
12133,"Washington, FL",39973
13001,"Appling, GA",50616
13003,"Atkinson, GA",40161
13005,"Bacon, GA",44797
13007,"Baker, GA",52904
13009,"Baldwin, GA",48900
13011,"Banks, GA",48312
13013,"Barrow, GA",51925
13015,"Bartow, GA",53357
13017,"Ben Hill, GA",45012
13019,"Berrien, GA",43590
13021,"Bibb, GA",50904
13023,"Bleckley, GA",45045
13025,"Brantley, GA",38582
13027,"Brooks, GA",43163
13029,"Bryan, GA",64186
13031,"Bulloch, GA",43763
13033,"Burke, GA",44046
13035,"Butts, GA",46615
13037,"Calhoun, GA",38035
13039,"Camden, GA",48776
13043,"Candler, GA",44664
13045,"Carroll, GA",53858
13047,"Catoosa, GA",47893
13049,"Charlton, GA",34702
13051,"Chatham, GA",62976
13053,"Chattahoochee, GA",41513
13055,"Chattooga, GA",39446
13057,"Cherokee, GA",74826
13059,"Clarke, GA",46732
13061,"Clay, GA",41527
13063,"Clayton, GA",36987
13065,"Clinch, GA",47386
13067,"Cobb, GA",79583
13069,"Coffee, GA",42553
13071,"Colquitt, GA",44346
13073,"Columbia, GA",63204
13075,"Cook, GA",42432
13077,"Coweta, GA",65062
13079,"Crawford, GA",43664
13081,"Crisp, GA",50481
13083,"Dade, GA",46983
13085,"Dawson, GA",64684
13087,"Decatur, GA",47518
13089,"DeKalb, GA",71376
13091,"Dodge, GA",41609
13093,"Dooly, GA",43718
13095,"Dougherty, GA",50024
13097,"Douglas, GA",47602
13099,"Early, GA",46579
13101,"Echols, GA",36076
13103,"Effingham, GA",53626
13105,"Elbert, GA",46829
13107,"Emanuel, GA",43838
13109,"Evans, GA",45438
13111,"Fannin, GA",58012
13113,"Fayette, GA",81159
13115,"Floyd, GA",48360
13117,"Forsyth, GA",87730
13119,"Franklin, GA",47173
13121,"Fulton, GA",111238
13123,"Gilmer, GA",51256
13125,"Glascock, GA",41976
13127,"Glynn, GA",67614
13129,"Gordon, GA",49001
13131,"Grady, GA",41748
13133,"Greene, GA",87841
13135,"Gwinnett, GA",57291
13137,"Habersham, GA",43929
13139,"Hall, GA",62317
13141,"Hancock, GA",39071
13143,"Haralson, GA",48967
13145,"Harris, GA",63579
13147,"Hart, GA",50804
13149,"Heard, GA",44280
13151,"Henry, GA",52537
13153,"Houston, GA",52696
13155,"Irwin, GA",48144
13157,"Jackson, GA",59952
13159,"Jasper, GA",50974
13161,"Jeff Davis, GA",41336
13163,"Jefferson, GA",46959
13165,"Jenkins, GA",40142
13167,"Johnson, GA",37441
13169,"Jones, GA",48324
13171,"Lamar, GA",48077
13173,"Lanier, GA",36976
13175,"Laurens, GA",48716
13177,"Lee, GA",55402
13179,"Liberty, GA",45546
13181,"Lincoln, GA",49898
13183,"Long, GA",42195
13185,"Lowndes, GA",47701
13187,"Lumpkin, GA",52148
13189,"McDuffie, GA",46600
13191,"McIntosh, GA",53779
13193,"Macon, GA",46899
13195,"Madison, GA",51311
13197,"Marion, GA",40961
13199,"Meriwether, GA",49285
13201,"Miller, GA",56029
13205,"Mitchell, GA",50183
13207,"Monroe, GA",59086
13209,"Montgomery, GA",40626
13211,"Morgan, GA",67463
13213,"Murray, GA",41169
13215,"Muscogee, GA",55517
13217,"Newton, GA",46189
13219,"Oconee, GA",91363
13221,"Oglethorpe, GA",50461
13223,"Paulding, GA",52365
13225,"Peach, GA",48711
13227,"Pickens, GA",66680
13229,"Pierce, GA",44635
13231,"Pike, GA",55389
13233,"Polk, GA",43771
13235,"Pulaski, GA",45174
13237,"Putnam, GA",62928
13239,"Quitman, GA",41806
13241,"Rabun, GA",57966
13243,"Randolph, GA",46575
13245,"Richmond, GA",47141
13247,"Rockdale, GA",46211
13249,"Schley, GA",44927
13251,"Screven, GA",44167
13253,"Seminole, GA",48250
13255,"Spalding, GA",47149
13257,"Stephens, GA",49591
13259,"Stewart, GA",36667
13261,"Sumter, GA",46109
13263,"Talbot, GA",53431
13265,"Taliaferro, GA",46519
13267,"Tattnall, GA",40973
13269,"Taylor, GA",43829
13271,"Telfair, GA",35685
13273,"Terrell, GA",51069
13275,"Thomas, GA",59191
13277,"Tift, GA",49962
13279,"Toombs, GA",46150
13281,"Towns, GA",55900
13283,"Treutlen, GA",41350
13285,"Troup, GA",49905
13287,"Turner, GA",39907
13289,"Twiggs, GA",49516
13291,"Union, GA",50654
13293,"Upson, GA",45901
13295,"Walker, GA",46959
13297,"Walton, GA",55403
13299,"Ware, GA",41778
13301,"Warren, GA",44044
13303,"Washington, GA",47292
13305,"Wayne, GA",41453
13307,"Webster, GA",44321
13309,"Wheeler, GA",26119
13311,"White, GA",53597
13313,"Whitfield, GA",49706
13315,"Wilcox, GA",36531
13317,"Wilkes, GA",58980
13319,"Wilkinson, GA",47204
13321,"Worth, GA",44806
15001,"Hawaii, HI",57694
15003,"Honolulu, HI",74681
15007,"Kauai, HI",67170
15901,"Maui + Kalawao, HI*",67489
16001,"Ada, ID",76921
16003,"Adams, ID",49476
16005,"Bannock, ID",53711
16007,"Bear Lake, ID",52688
16009,"Benewah, ID",47007
16011,"Bingham, ID",50928
16013,"Blaine, ID",202612
16015,"Boise, ID",60093
16017,"Bonner, ID",57706
16019,"Bonneville, ID",58435
16021,"Boundary, ID",49219
16023,"Butte, ID",57063
16025,"Camas, ID",65454
16027,"Canyon, ID",50169
16029,"Caribou, ID",54388
16031,"Cassia, ID",59434
16033,"Clark, ID",52819
16035,"Clearwater, ID",47119
16037,"Custer, ID",57363
16039,"Elmore, ID",49558
16041,"Franklin, ID",47659
16043,"Fremont (includes Yellowstone Park), ID",47561
16045,"Gem, ID",49972
16047,"Gooding, ID",70962
16049,"Idaho, ID",48477
16051,"Jefferson, ID",50258
16053,"Jerome, ID",49185
16055,"Kootenai, ID",66815
16057,"Latah, ID",55988
16059,"Lemhi, ID",59954
16061,"Lewis, ID",57419
16063,"Lincoln, ID",50400
16065,"Madison, ID",29485
16067,"Minidoka, ID",52408
16069,"Nez Perce, ID",59776
16071,"Oneida, ID",50482
16073,"Owyhee, ID",52712
16075,"Payette, ID",52912
16077,"Power, ID",47244
16079,"Shoshone, ID",47101
16081,"Teton, ID",72444
16083,"Twin Falls, ID",53767
16085,"Valley, ID",71881
16087,"Washington, ID",46582
17001,"Adams, IL",62377
17003,"Alexander, IL",54342
17005,"Bond, IL",48500
17007,"Boone, IL",59708
17009,"Brown, IL",49932
17011,"Bureau, IL",54671
17013,"Calhoun, IL",60531
17015,"Carroll, IL",54171
17017,"Cass, IL",51995
17019,"Champaign, IL",59853
17021,"Christian, IL",53948
17023,"Clark, IL",55544
17025,"Clay, IL",54942
17027,"Clinton, IL",64744
17029,"Coles, IL",57854
17031,"Cook, IL",79964
17033,"Crawford, IL",61038
17035,"Cumberland, IL",104890
17037,"DeKalb, IL",55006
17039,"De Witt, IL",61727
17041,"Douglas, IL",70031
17043,"DuPage, IL",98481
17045,"Edgar, IL",58558
17047,"Edwards, IL",53227
17049,"Effingham, IL",72180
17051,"Fayette, IL",49155
17053,"Ford, IL",69422
17055,"Franklin, IL",51381
17057,"Fulton, IL",52445
17059,"Gallatin, IL",57193
17061,"Greene, IL",54758
17063,"Grundy, IL",63824
17065,"Hamilton, IL",56469
17067,"Hancock, IL",60715
17069,"Hardin, IL",55913
17071,"Henderson, IL",55143
17073,"Henry, IL",60048
17075,"Iroquois, IL",59524
17077,"Jackson, IL",50957
17079,"Jasper, IL",59658
17081,"Jefferson, IL",52893
17083,"Jersey, IL",56565
17085,"Jo Daviess, IL",63662
17087,"Johnson, IL",44062
17089,"Kane, IL",69927
17091,"Kankakee, IL",55091
17093,"Kendall, IL",63048
17095,"Knox, IL",51995
17097,"Lake, IL",103546
17099,"LaSalle, IL",57510
17101,"Lawrence, IL",43606
17103,"Lee, IL",55487
17105,"Livingston, IL",59404
17107,"Logan, IL",50572
17109,"McDonough, IL",51383
17111,"McHenry, IL",72162
17113,"McLean, IL",66091
17115,"Macon, IL",61375
17117,"Macoupin, IL",56247
17119,"Madison, IL",62684
17121,"Marion, IL",56066
17123,"Marshall, IL",58087
17125,"Mason, IL",57582
17127,"Massac, IL",51487
17129,"Menard, IL",61789
17131,"Mercer, IL",61164
17133,"Monroe, IL",77807
17135,"Montgomery, IL",56457
17137,"Morgan, IL",53806
17139,"Moultrie, IL",77504
17141,"Ogle, IL",58984
17143,"Peoria, IL",64705
17145,"Perry, IL",49885
17147,"Piatt, IL",70960
17149,"Pike, IL",59267
17151,"Pope, IL",43633
17153,"Pulaski, IL",48723
17155,"Putnam, IL",73151
17157,"Randolph, IL",51003
17159,"Richland, IL",57427
17161,"Rock Island, IL",54067
17163,"St. Clair, IL",61712
17165,"Saline, IL",55721
17167,"Sangamon, IL",63581
17169,"Schuyler, IL",55900
17171,"Scott, IL",54010
17173,"Shelby, IL",56517
17175,"Stark, IL",59494
17177,"Stephenson, IL",57610
17179,"Tazewell, IL",62652
17181,"Union, IL",53748
17183,"Vermilion, IL",52819
17185,"Wabash, IL",57146
17187,"Warren, IL",55441
17189,"Washington, IL",63450
17191,"Wayne, IL",52956
17193,"White, IL",65452
17195,"Whiteside, IL",57536
17197,"Will, IL",70456
17199,"Williamson, IL",58380
17201,"Winnebago, IL",55188
17203,"Woodford, IL",69291
18001,"Adams, IN",53240
18003,"Allen, IN",62717
18005,"Bartholomew, IN",70262
18007,"Benton, IN",54199
18009,"Blackford, IN",47422
18011,"Boone, IN",101485
18013,"Brown, IN",66407
18015,"Carroll, IN",55111
18017,"Cass, IN",51201
18019,"Clark, IN",58451
18021,"Clay, IN",48881
18023,"Clinton, IN",50632
18025,"Crawford, IN",46326
18027,"Daviess, IN",62997
18029,"Dearborn, IN",63515
18031,"Decatur, IN",58061
18033,"DeKalb, IN",59675
18035,"Delaware, IN",49965
18037,"Dubois, IN",72806
18039,"Elkhart, IN",60348
18041,"Fayette, IN",51950
18043,"Floyd, IN",69813
18045,"Fountain, IN",53785
18047,"Franklin, IN",60727
18049,"Fulton, IN",54315
18051,"Gibson, IN",60627
18053,"Grant, IN",51373
18055,"Greene, IN",55238
18057,"Hamilton, IN",104283
18059,"Hancock, IN",68345
18061,"Harrison, IN",60148
18063,"Hendricks, IN",65043
18065,"Henry, IN",50630
18067,"Howard, IN",53185
18069,"Huntington, IN",55118
18071,"Jackson, IN",54272
18073,"Jasper, IN",60209
18075,"Jay, IN",56292
18077,"Jefferson, IN",57391
18079,"Jennings, IN",54501
18081,"Johnson, IN",64637
18083,"Knox, IN",59222
18085,"Kosciusko, IN",60847
18087,"Lagrange, IN",55899
18089,"Lake, IN",58423
18091,"LaPorte, IN",55790
18093,"Lawrence, IN",57129
18095,"Madison, IN",51116
18097,"Marion, IN",75002
18099,"Marshall, IN",55404
18101,"Martin, IN",57214
18103,"Miami, IN",44940
18105,"Monroe, IN",60402
18107,"Montgomery, IN",53534
18109,"Morgan, IN",59692
18111,"Newton, IN",53822
18113,"Noble, IN",54257
18115,"Ohio, IN",54266
18117,"Orange, IN",50046
18119,"Owen, IN",53904
18121,"Parke, IN",54051
18123,"Perry, IN",49159
18125,"Pike, IN",52716
18127,"Porter, IN",69285
18129,"Posey, IN",63772
18131,"Pulaski, IN",60731
18133,"Putnam, IN",51068
18135,"Randolph, IN",57646
18137,"Ripley, IN",55410
18139,"Rush, IN",60209
18141,"St. Joseph, IN",59030
18143,"Scott, IN",49073
18145,"Shelby, IN",58109
18147,"Spencer, IN",58648
18149,"Starke, IN",45783
18151,"Steuben, IN",59084
18153,"Sullivan, IN",46497
18155,"Switzerland, IN",45038
18157,"Tippecanoe, IN",52373
18159,"Tipton, IN",55023
18161,"Union, IN",52843
18163,"Vanderburgh, IN",62998
18165,"Vermillion, IN",49396
18167,"Vigo, IN",51499
18169,"Wabash, IN",59305
18171,"Warren, IN",56864
18173,"Warrick, IN",74288
18175,"Washington, IN",54025
18177,"Wayne, IN",54628
18179,"Wells, IN",55251
18181,"White, IN",58476
18183,"Whitley, IN",60895
19001,"Adair, IA",76983
19003,"Adams, IA",63791
19005,"Allamakee, IA",58705
19007,"Appanoose, IA",50647
19009,"Audubon, IA",67931
19011,"Benton, IA",66113
19013,"Black Hawk, IA",56987
19015,"Boone, IA",58564
19017,"Bremer, IA",62726
19019,"Buchanan, IA",62929
19021,"Buena Vista, IA",57087
19023,"Butler, IA",61312
19025,"Calhoun, IA",63019
19027,"Carroll, IA",69790
19029,"Cass, IA",65270
19031,"Cedar, IA",69212
19033,"Cerro Gordo, IA",80093
19035,"Cherokee, IA",86904
19037,"Chickasaw, IA",96643
19039,"Clarke, IA",53184
19041,"Clay, IA",69323
19043,"Clayton, IA",68155
19045,"Clinton, IA",55587
19047,"Crawford, IA",56214
19049,"Dallas, IA",85124
19051,"Davis, IA",57202
19053,"Decatur, IA",46134
19055,"Delaware, IA",62983
19057,"Des Moines, IA",64329
19059,"Dickinson, IA",84249
19061,"Dubuque, IA",66392
19063,"Emmet, IA",56492
19065,"Fayette, IA",57293
19067,"Floyd, IA",64852
19069,"Franklin, IA",65571
19071,"Fremont, IA",62457
19073,"Greene, IA",61396
19075,"Grundy, IA",64774
19077,"Guthrie, IA",72853
19079,"Hamilton, IA",65171
19081,"Hancock, IA",68162
19083,"Hardin, IA",67117
19085,"Harrison, IA",61419
19087,"Henry, IA",53599
19089,"Howard, IA",66810
19091,"Humboldt, IA",60188
19093,"Ida, IA",69265
19095,"Iowa, IA",63456
19097,"Jackson, IA",59805
19099,"Jasper, IA",53859
19101,"Jefferson, IA",58917
19103,"Johnson, IA",66028
19105,"Jones, IA",56539
19107,"Keokuk, IA",58399
19109,"Kossuth, IA",68674
19111,"Lee, IA",55286
19113,"Linn, IA",66525
19115,"Louisa, IA",55311
19117,"Lucas, IA",53668
19119,"Lyon, IA",75203
19121,"Madison, IA",64051
19123,"Mahaska, IA",57491
19125,"Marion, IA",66929
19127,"Marshall, IA",51945
19129,"Mills, IA",68784
19131,"Mitchell, IA",98211
19133,"Monona, IA",60306
19135,"Monroe, IA",60691
19137,"Montgomery, IA",54103
19139,"Muscatine, IA",60332
19141,"O'Brien, IA",67449
19143,"Osceola, IA",67433
19145,"Page, IA",55807
19147,"Palo Alto, IA",65535
19149,"Plymouth, IA",69887
19151,"Pocahontas, IA",60976
19153,"Polk, IA",69800
19155,"Pottawattamie, IA",62836
19157,"Poweshiek, IA",60476
19159,"Ringgold, IA",61132
19161,"Sac, IA",75296
19163,"Scott, IA",70007
19165,"Shelby, IA",67220
19167,"Sioux, IA",72752
19169,"Story, IA",56392
19171,"Tama, IA",57444
19173,"Taylor, IA",57333
19175,"Union, IA",53805
19177,"Van Buren, IA",50427
19179,"Wapello, IA",48623
19181,"Warren, IA",66638
19183,"Washington, IA",84539
19185,"Wayne, IA",55173
19187,"Webster, IA",55465
19189,"Winnebago, IA",58376
19191,"Winneshiek, IA",66544
19193,"Woodbury, IA",55344
19195,"Worth, IA",58108
19197,"Wright, IA",76026
20001,"Allen, KS",51828
20003,"Anderson, KS",56187
20005,"Atchison, KS",47444
20007,"Barber, KS",57704
20009,"Barton, KS",61145
20011,"Bourbon, KS",49629
20013,"Brown, KS",57431
20015,"Butler, KS",59909
20017,"Chase, KS",66680
20019,"Chautauqua, KS",48845
20021,"Cherokee, KS",55679
20023,"Cheyenne, KS",61331
20025,"Clark, KS",64211
20027,"Clay, KS",54572
20029,"Cloud, KS",53830
20031,"Coffey, KS",58553
20033,"Comanche, KS",56354
20035,"Cowley, KS",48066
20037,"Crawford, KS",49762
20039,"Decatur, KS",66503
20041,"Dickinson, KS",51706
20043,"Doniphan, KS",53873
20045,"Douglas, KS",58698
20047,"Edwards, KS",73173
20049,"Elk, KS",47806
20051,"Ellis, KS",58325
20053,"Ellsworth, KS",50858
20055,"Finney, KS",54867
20057,"Ford, KS",48817
20059,"Franklin, KS",53518
20061,"Geary, KS",56303
20063,"Gove, KS",98901
20065,"Graham, KS",65483
20067,"Grant, KS",64528
20069,"Gray, KS",84604
20071,"Greeley, KS",134780
20073,"Greenwood, KS",54372
20075,"Hamilton, KS",101962
20077,"Harper, KS",62662
20079,"Harvey, KS",56321
20081,"Haskell, KS",89909
20083,"Hodgeman, KS",76736
20085,"Jackson, KS",54826
20087,"Jefferson, KS",60812
20089,"Jewell, KS",62948
20091,"Johnson, KS",95419
20093,"Kearny, KS",64338
20095,"Kingman, KS",58387
20097,"Kiowa, KS",50765
20099,"Labette, KS",53557
20101,"Lane, KS",88578
20103,"Leavenworth, KS",55369
20105,"Lincoln, KS",52199
20107,"Linn, KS",51148
20109,"Logan, KS",69501
20111,"Lyon, KS",50360
20113,"McPherson, KS",65632
20115,"Marion, KS",52566
20117,"Marshall, KS",51044
20119,"Meade, KS",77805
20121,"Miami, KS",65388
20123,"Mitchell, KS",73731
20125,"Montgomery, KS",48328
20127,"Morris, KS",56467
20129,"Morton, KS",66821
20131,"Nemaha, KS",74093
20133,"Neosho, KS",51317
20135,"Ness, KS",70371
20137,"Norton, KS",57539
20139,"Osage, KS",54945
20141,"Osborne, KS",57882
20143,"Ottawa, KS",54471
20145,"Pawnee, KS",52115
20147,"Phillips, KS",72919
20149,"Pottawatomie, KS",65498
20151,"Pratt, KS",59974
20153,"Rawlins, KS",75228
20155,"Reno, KS",53245
20157,"Republic, KS",57540
20159,"Rice, KS",59723
20161,"Riley, KS",55837
20163,"Rooks, KS",50725
20165,"Rush, KS",71514
20167,"Russell, KS",60243
20169,"Saline, KS",62527
20171,"Scott, KS",73097
20173,"Sedgwick, KS",63303
20175,"Seward, KS",48578
20177,"Shawnee, KS",61542
20179,"Sheridan, KS",66737
20181,"Sherman, KS",56980
20183,"Smith, KS",62319
20185,"Stafford, KS",64215
20187,"Stanton, KS",76141
20189,"Stevens, KS",62214
20191,"Sumner, KS",51402
20193,"Thomas, KS",63921
20195,"Trego, KS",59565
20197,"Wabaunsee, KS",62250
20199,"Wallace, KS",69247
20201,"Washington, KS",57933
20203,"Wichita, KS",75354
20205,"Wilson, KS",52577
20207,"Woodson, KS",49140
20209,"Wyandotte, KS",42878
21001,"Adair, KY",46912
21003,"Allen, KY",42837
21005,"Anderson, KY",50855
21007,"Ballard, KY",56514
21009,"Barren, KY",46597
21011,"Bath, KY",42291
21013,"Bell, KY",45728
21015,"Boone, KY",64196
21017,"Bourbon, KY",64704
21019,"Boyd, KY",52228
21021,"Boyle, KY",51266
21023,"Bracken, KY",49234
21025,"Breathitt, KY",45633
21027,"Breckinridge, KY",44420
21029,"Bullitt, KY",56382
21031,"Butler, KY",46975
21033,"Caldwell, KY",47832
21035,"Calloway, KY",47693
21037,"Campbell, KY",69948
21039,"Carlisle, KY",63307
21041,"Carroll, KY",50303
21043,"Carter, KY",43472
21045,"Casey, KY",44575
21047,"Christian, KY",49795
21049,"Clark, KY",53557
21051,"Clay, KY",43063
21053,"Clinton, KY",49059
21055,"Crittenden, KY",46735
21057,"Cumberland, KY",58561
21059,"Daviess, KY",54758
21061,"Edmonson, KY",42848
21063,"Elliott, KY",31817
21065,"Estill, KY",44838
21067,"Fayette, KY",69065
21069,"Fleming, KY",43335
21071,"Floyd, KY",47956
21073,"Franklin, KY",55891
21075,"Fulton, KY",45299
21077,"Gallatin, KY",47218
21079,"Garrard, KY",48533
21081,"Grant, KY",49999
21083,"Graves, KY",53707
21085,"Grayson, KY",46616
21087,"Green, KY",46405
21089,"Greenup, KY",54155
21091,"Hancock, KY",60598
21093,"Hardin, KY",58679
21095,"Harlan, KY",43594
21097,"Harrison, KY",48659
21099,"Hart, KY",46784
21101,"Henderson, KY",58936
21103,"Henry, KY",56028
21105,"Hickman, KY",59100
21107,"Hopkins, KY",52111
21109,"Jackson, KY",41040
21111,"Jefferson, KY",70646
21113,"Jessamine, KY",64325
21115,"Johnson, KY",44314
21117,"Kenton, KY",78130
21119,"Knott, KY",46865
21121,"Knox, KY",41424
21123,"Larue, KY",46184
21125,"Laurel, KY",44825
21127,"Lawrence, KY",44526
21129,"Lee, KY",38144
21131,"Leslie, KY",45322
21133,"Letcher, KY",44848
21135,"Lewis, KY",42705
21137,"Lincoln, KY",44365
21139,"Livingston, KY",52369
21141,"Logan, KY",47923
21143,"Lyon, KY",47096
21145,"McCracken, KY",70969
21147,"McCreary, KY",37875
21149,"McLean, KY",52510
21151,"Madison, KY",49437
21153,"Magoffin, KY",48391
21155,"Marion, KY",49243
21157,"Marshall, KY",56075
21159,"Martin, KY",38274
21161,"Mason, KY",53520
21163,"Meade, KY",52259
21165,"Menifee, KY",44164
21167,"Mercer, KY",49680
21169,"Metcalfe, KY",40444
21171,"Monroe, KY",48281
21173,"Montgomery, KY",47981
21175,"Morgan, KY",38051
21177,"Muhlenberg, KY",45963
21179,"Nelson, KY",58611
21181,"Nicholas, KY",44191
21183,"Ohio, KY",42868
21185,"Oldham, KY",87137
21187,"Owen, KY",43235
21189,"Owsley, KY",52567
21191,"Pendleton, KY",50282
21193,"Perry, KY",49317
21195,"Pike, KY",50689
21197,"Powell, KY",43268
21199,"Pulaski, KY",51943
21201,"Robertson, KY",43041
21203,"Rockcastle, KY",44633
21205,"Rowan, KY",42123
21207,"Russell, KY",61122
21209,"Scott, KY",58861
21211,"Shelby, KY",64459
21213,"Simpson, KY",47253
21215,"Spencer, KY",61267
21217,"Taylor, KY",45058
21219,"Todd, KY",52075
21221,"Trigg, KY",49748
21223,"Trimble, KY",53257
21225,"Union, KY",54276
21227,"Warren, KY",49863
21229,"Washington, KY",50816
21231,"Wayne, KY",40460
21233,"Webster, KY",53393
21235,"Whitley, KY",47869
21237,"Wolfe, KY",50741
21239,"Woodford, KY",69234
22001,"Acadia, LA",51423
22003,"Allen, LA",46100
22005,"Ascension, LA",66285
22007,"Assumption, LA",69639
22009,"Avoyelles, LA",50360
22011,"Beauregard, LA",55690
22013,"Bienville, LA",51482
22015,"Bossier, LA",59143
22017,"Caddo, LA",67649
22019,"Calcasieu, LA",56113
22021,"Caldwell, LA",45207
22023,"Cameron, LA",69929
22025,"Catahoula, LA",48028
22027,"Claiborne, LA",47386
22029,"Concordia, LA",44494
22031,"De Soto, LA",60156
22033,"East Baton Rouge, LA",70775
22035,"East Carroll, LA",36751
22037,"East Feliciana, LA",54192
22039,"Evangeline, LA",44838
22041,"Franklin, LA",43040
22043,"Grant, LA",41206
22045,"Iberia, LA",52567
22047,"Iberville, LA",59552
22049,"Jackson, LA",47417
22051,"Jefferson, LA",65691
22053,"Jefferson Davis, LA",50817
22055,"Lafayette, LA",69524
22057,"Lafourche, LA",64579
22059,"LaSalle, LA",42793
22061,"Lincoln, LA",53652
22063,"Livingston, LA",53590
22065,"Madison, LA",45843
22067,"Morehouse, LA",47460
22069,"Natchitoches, LA",54837
22071,"Orleans, LA",71513
22073,"Ouachita, LA",51953
22075,"Plaquemines, LA",63703
22077,"Pointe Coupee, LA",65840
22079,"Rapides, LA",58789
22081,"Red River, LA",61634
22083,"Richland, LA",49522
22085,"Sabine, LA",52076
22087,"St. Bernard, LA",46043
22089,"St. Charles, LA",64344
22091,"St. Helena, LA",50760
22093,"St. James, LA",77150
22095,"St. John the Baptist, LA",52224
22097,"St. Landry, LA",51290
22099,"St. Martin, LA",52366
22101,"St. Mary, LA",53332
22103,"St. Tammany, LA",82398
22105,"Tangipahoa, LA",52248
22107,"Tensas, LA",52162
22109,"Terrebonne, LA",56037
22111,"Union, LA",53356
22113,"Vermilion, LA",52234
22115,"Vernon, LA",53923
22117,"Washington, LA",46292
22119,"Webster, LA",57370
22121,"West Baton Rouge, LA",60268
22123,"West Carroll, LA",48350
22125,"West Feliciana, LA",51097
22127,"Winn, LA",48228
23001,"Androscoggin, ME",56487
23003,"Aroostook, ME",58192
23005,"Cumberland, ME",90142
23007,"Franklin, ME",52725
23009,"Hancock, ME",72341
23011,"Kennebec, ME",61181
23013,"Knox, ME",71509
23015,"Lincoln, ME",71007
23017,"Oxford, ME",52819
23019,"Penobscot, ME",56593
23021,"Piscataquis, ME",54143
23023,"Sagadahoc, ME",71499
23025,"Somerset, ME",53415
23027,"Waldo, ME",59514
23029,"Washington, ME",55990
23031,"York, ME",74683
24001,"Allegany, MD",52707
24003,"Anne Arundel, MD",87614
24005,"Baltimore, MD",78953
24009,"Calvert, MD",79588
24011,"Caroline, MD",59692
24013,"Carroll, MD",78696
24015,"Cecil, MD",61236
24017,"Charles, MD",70211
24019,"Dorchester, MD",60255
24021,"Frederick, MD",78929
24023,"Garrett, MD",62692
24025,"Harford, MD",74919
24027,"Howard, MD",99767
24029,"Kent, MD",80878
24031,"Montgomery, MD",104882
24033,"Prince George's, MD",59684
24035,"Queen Anne's, MD",86365
24037,"St. Mary's, MD",73314
24039,"Somerset, MD",41421
24041,"Talbot, MD",102548
24043,"Washington, MD",59536
24045,"Wicomico, MD",51806
24047,"Worcester, MD",73572
24510,"Baltimore (Independent City), MD",69564
25001,"Barnstable, MA",96768
25003,"Berkshire, MA",72172
25005,"Bristol, MA",69073
25007,"Dukes, MA",102176
25009,"Essex, MA",86852
25011,"Franklin, MA",70392
25013,"Hampden, MA",66238
25015,"Hampshire, MA",65432
25017,"Middlesex, MA",112011
25019,"Nantucket, MA",129250
25021,"Norfolk, MA",119680
25023,"Plymouth, MA",87818
25025,"Suffolk, MA",109447
25027,"Worcester, MA",71909
26001,"Alcona, MI",52130
26003,"Alger, MI",46833
26005,"Allegan, MI",60514
26007,"Alpena, MI",54180
26009,"Antrim, MI",63131
26011,"Arenac, MI",51950
26013,"Baraga, MI",45699
26015,"Barry, MI",60378
26017,"Bay, MI",55627
26019,"Benzie, MI",63595
26021,"Berrien, MI",64094
26023,"Branch, MI",47018
26025,"Calhoun, MI",50199
26027,"Cass, MI",59552
26029,"Charlevoix, MI",76513
26031,"Cheboygan, MI",54043
26033,"Chippewa, MI",48932
26035,"Clare, MI",45627
26037,"Clinton, MI",63057
26039,"Crawford, MI",45310
26041,"Delta, MI",50325
26043,"Dickinson, MI",59204
26045,"Eaton, MI",56293
26047,"Emmet, MI",80004
26049,"Genesee, MI",53595
26051,"Gladwin, MI",48540
26053,"Gogebic, MI",53587
26055,"Grand Traverse, MI",71687
26057,"Gratiot, MI",46618
26059,"Hillsdale, MI",46827
26061,"Houghton, MI",47874
26063,"Huron, MI",63026
26065,"Ingham, MI",54120
26067,"Ionia, MI",45022
26069,"Iosco, MI",52230
26071,"Iron, MI",53507
26073,"Isabella, MI",49936
26075,"Jackson, MI",51569
26077,"Kalamazoo, MI",65811
26079,"Kalkaska, MI",48253
26081,"Kent, MI",73492
26083,"Keweenaw, MI",62316
26085,"Lake, MI",39505
26087,"Lapeer, MI",56585
26089,"Leelanau, MI",92189
26091,"Lenawee, MI",53030
26093,"Livingston, MI",75839
26095,"Luce, MI",39680
26097,"Mackinac, MI",59779
26099,"Macomb, MI",60760
26101,"Manistee, MI",51847
26103,"Marquette, MI",51849
26105,"Mason, MI",53069
26107,"Mecosta, MI",46058
26109,"Menominee, MI",51492
26111,"Midland, MI",67162
26113,"Missaukee, MI",47035
26115,"Monroe, MI",61697
26117,"Montcalm, MI",43449
26119,"Montmorency, MI",45102
26121,"Muskegon, MI",51283
26123,"Newaygo, MI",48142
26125,"Oakland, MI",93579
26127,"Oceana, MI",50878
26129,"Ogemaw, MI",45525
26131,"Ontonagon, MI",51710
26133,"Osceola, MI",51435
26135,"Oscoda, MI",44109
26137,"Otsego, MI",52732
26139,"Ottawa, MI",66678
26141,"Presque Isle, MI",51752
26143,"Roscommon, MI",50345
26145,"Saginaw, MI",52699
26147,"St. Clair, MI",57943
26149,"St. Joseph, MI",51660
26151,"Sanilac, MI",51754
26153,"Schoolcraft, MI",52654
26155,"Shiawassee, MI",52873
26157,"Tuscola, MI",49841
26159,"Van Buren, MI",54912
26161,"Washtenaw, MI",79736
26163,"Wayne, MI",55715
26165,"Wexford, MI",48149
27001,"Aitkin, MN",53713
27003,"Anoka, MN",64906
27005,"Becker, MN",63369
27007,"Beltrami, MN",56194
27009,"Benton, MN",58371
27011,"Big Stone, MN",70271
27013,"Blue Earth, MN",56864
27015,"Brown, MN",66759
27017,"Carlton, MN",55497
27019,"Carver, MN",96114
27021,"Cass, MN",60994
27023,"Chippewa, MN",58539
27025,"Chisago, MN",64153
27027,"Clay, MN",55518
27029,"Clearwater, MN",58083
27031,"Cook, MN",69271
27033,"Cottonwood, MN",60231
27035,"Crow Wing, MN",60191
27037,"Dakota, MN",77886
27039,"Dodge, MN",62663
27041,"Douglas, MN",69260
27043,"Faribault, MN",57682
27045,"Fillmore, MN",58652
27047,"Freeborn, MN",59108
27049,"Goodhue, MN",70391
27051,"Grant, MN",61403
27053,"Hennepin, MN",100352
27055,"Houston, MN",67879
27057,"Hubbard, MN",61342
27059,"Isanti, MN",56741
27061,"Itasca, MN",57669
27063,"Jackson, MN",63364
27065,"Kanabec, MN",54003
27067,"Kandiyohi, MN",66147
27069,"Kittson, MN",63321
27071,"Koochiching, MN",57605
27073,"Lac qui Parle, MN",68276
27075,"Lake, MN",60682
27077,"Lake of the Woods, MN",65442
27079,"Le Sueur, MN",64366
27081,"Lincoln, MN",60508
27083,"Lyon, MN",62366
27085,"McLeod, MN",63908
27087,"Mahnomen, MN",51616
27089,"Marshall, MN",70172
27091,"Martin, MN",65079
27093,"Meeker, MN",59767
27095,"Mille Lacs, MN",55146
27097,"Morrison, MN",55116
27099,"Mower, MN",57577
27101,"Murray, MN",69933
27103,"Nicollet, MN",63673
27105,"Nobles, MN",61203
27107,"Norman, MN",54965
27109,"Olmsted, MN",74873
27111,"Otter Tail, MN",62053
27113,"Pennington, MN",71610
27115,"Pine, MN",48677
27117,"Pipestone, MN",75271
27119,"Polk, MN",62060
27121,"Pope, MN",66989
27123,"Ramsey, MN",71769
27125,"Red Lake, MN",70258
27127,"Redwood, MN",82908
27129,"Renville, MN",65878
27131,"Rice, MN",57160
27133,"Rock, MN",66397
27135,"Roseau, MN",63246
27137,"St. Louis, MN",61867
27139,"Scott, MN",84901
27141,"Sherburne, MN",61662
27143,"Sibley, MN",62578
27145,"Stearns, MN",64935
27147,"Steele, MN",61040
27149,"Stevens, MN",60874
27151,"Swift, MN",74868
27153,"Todd, MN",64541
27155,"Traverse, MN",82108
27157,"Wabasha, MN",65696
27159,"Wadena, MN",52596
27161,"Waseca, MN",68308
27163,"Washington, MN",86217
27165,"Watonwan, MN",56598
27167,"Wilkin, MN",73320
27169,"Winona, MN",60968
27171,"Wright, MN",66574
27173,"Yellow Medicine, MN",78156
28001,"Adams, MS",48640
28003,"Alcorn, MS",48741
28005,"Amite, MS",45249
28007,"Attala, MS",44371
28009,"Benton, MS",46176
28011,"Bolivar, MS",51666
28013,"Calhoun, MS",44156
28015,"Carroll, MS",48341
28017,"Chickasaw, MS",40677
28019,"Choctaw, MS",43892
28021,"Claiborne, MS",42985
28023,"Clarke, MS",50092
28025,"Clay, MS",54186
28027,"Coahoma, MS",49673
28029,"Copiah, MS",44171
28031,"Covington, MS",52277
28033,"DeSoto, MS",57305
28035,"Forrest, MS",47943
28037,"Franklin, MS",46415
28039,"George, MS",42638
28041,"Greene, MS",35700
28043,"Grenada, MS",46619
28045,"Hancock, MS",50489
28047,"Harrison, MS",50986
28049,"Hinds, MS",54448
28051,"Holmes, MS",40609
28053,"Humphreys, MS",44425
28055,"Issaquena, MS",27264
28057,"Itawamba, MS",44473
28059,"Jackson, MS",50536
28061,"Jasper, MS",50873
28063,"Jefferson, MS",45002
28065,"Jefferson Davis, MS",42660
28067,"Jones, MS",51824
28069,"Kemper, MS",41684
28071,"Lafayette, MS",55457
28073,"Lamar, MS",54455
28075,"Lauderdale, MS",53272
28077,"Lawrence, MS",51006
28079,"Leake, MS",44888
28081,"Lee, MS",56315
28083,"Leflore, MS",52765
28085,"Lincoln, MS",50714
28087,"Lowndes, MS",54109
28089,"Madison, MS",90668
28091,"Marion, MS",46545
28093,"Marshall, MS",48141
28095,"Monroe, MS",46700
28097,"Montgomery, MS",45706
28099,"Neshoba, MS",49561
28101,"Newton, MS",44194
28103,"Noxubee, MS",47881
28105,"Oktibbeha, MS",44064
28107,"Panola, MS",45138
28109,"Pearl River, MS",49050
28111,"Perry, MS",43179
28113,"Pike, MS",42327
28115,"Pontotoc, MS",44345
28117,"Prentiss, MS",41034
28119,"Quitman, MS",42946
28121,"Rankin, MS",59953
28123,"Scott, MS",41946
28125,"Sharkey, MS",55707
28127,"Simpson, MS",51041
28129,"Smith, MS",52922
28131,"Stone, MS",43435
28133,"Sunflower, MS",41489
28135,"Tallahatchie, MS",50077
28137,"Tate, MS",48572
28139,"Tippah, MS",48157
28141,"Tishomingo, MS",47200
28143,"Tunica, MS",47310
28145,"Union, MS",44305
28147,"Walthall, MS",42077
28149,"Warren, MS",54294
28151,"Washington, MS",50860
28153,"Wayne, MS",48666
28155,"Webster, MS",48459
28157,"Wilkinson, MS",41354
28159,"Winston, MS",48812
28161,"Yalobusha, MS",45161
28163,"Yazoo, MS",45407
29001,"Adair, MO",41212
29003,"Andrew, MO",56586
29005,"Atchison, MO",53911
29007,"Audrain, MO",49041
29009,"Barry, MO",47374
29011,"Barton, MO",47739
29013,"Bates, MO",52804
29015,"Benton, MO",48570
29017,"Bollinger, MO",49617
29019,"Boone, MO",62123
29021,"Buchanan, MO",54306
29023,"Butler, MO",47775
29025,"Caldwell, MO",48766
29027,"Callaway, MO",52873
29029,"Camden, MO",58128
29031,"Cape Girardeau, MO",55279
29033,"Carroll, MO",62123
29035,"Carter, MO",52549
29037,"Cass, MO",62709
29039,"Cedar, MO",42259
29041,"Chariton, MO",55848
29043,"Christian, MO",56118
29045,"Clark, MO",46744
29047,"Clay, MO",62130
29049,"Clinton, MO",54672
29051,"Cole, MO",64594
29053,"Cooper, MO",55627
29055,"Crawford, MO",50563
29057,"Dade, MO",47998
29059,"Dallas, MO",44136
29061,"Daviess, MO",44071
29063,"DeKalb, MO",46449
29065,"Dent, MO",46477
29067,"Douglas, MO",40515
29069,"Dunklin, MO",50914
29071,"Franklin, MO",59071
29073,"Gasconade, MO",52392
29075,"Gentry, MO",54580
29077,"Greene, MO",58023
29079,"Grundy, MO",45161
29081,"Harrison, MO",46803
29083,"Henry, MO",55500
29085,"Hickory, MO",44968
29087,"Holt, MO",64008
29089,"Howard, MO",54398
29091,"Howell, MO",45995
29093,"Iron, MO",47085
29095,"Jackson, MO",60129
29097,"Jasper, MO",49427
29099,"Jefferson, MO",56907
29101,"Johnson, MO",48420
29103,"Knox, MO",48985
29105,"Laclede, MO",49529
29107,"Lafayette, MO",55390
29109,"Lawrence, MO",44004
29111,"Lewis, MO",46049
29113,"Lincoln, MO",54071
29115,"Linn, MO",50769
29117,"Livingston, MO",51635
29119,"McDonald, MO",41951
29121,"Macon, MO",52966
29123,"Madison, MO",46657
29125,"Maries, MO",47162
29127,"Marion, MO",54254
29129,"Mercer, MO",44616
29131,"Miller, MO",49799
29133,"Mississippi, MO",42983
29135,"Moniteau, MO",54284
29137,"Monroe, MO",54457
29139,"Montgomery, MO",56036
29141,"Morgan, MO",50957
29143,"New Madrid, MO",54259
29145,"Newton, MO",50200
29147,"Nodaway, MO",45161
29149,"Oregon, MO",48844
29151,"Osage, MO",59475
29153,"Ozark, MO",43798
29155,"Pemiscot, MO",53894
29157,"Perry, MO",55392
29159,"Pettis, MO",48930
29161,"Phelps, MO",49505
29163,"Pike, MO",45370
29165,"Platte, MO",75607
29167,"Polk, MO",47173
29169,"Pulaski, MO",50340
29171,"Putnam, MO",50694
29173,"Ralls, MO",51680
29175,"Randolph, MO",56731
29177,"Ray, MO",53809
29179,"Reynolds, MO",43576
29181,"Ripley, MO",50061
29183,"St. Charles, MO",71954
29185,"St. Clair, MO",40999
29186,"Ste. Genevieve, MO",54731
29187,"St. Francois, MO",47116
29189,"St. Louis, MO",104775
29195,"Saline, MO",51364
29197,"Schuyler, MO",47087
29199,"Scotland, MO",54845
29201,"Scott, MO",54217
29203,"Shannon, MO",45728
29205,"Shelby, MO",53410
29207,"Stoddard, MO",49889
29209,"Stone, MO",55320
29211,"Sullivan, MO",52864
29213,"Taney, MO",51959
29215,"Texas, MO",41160
29217,"Vernon, MO",48003
29219,"Warren, MO",56344
29221,"Washington, MO",42203
29223,"Wayne, MO",48370
29225,"Webster, MO",46598
29227,"Worth, MO",49216
29229,"Wright, MO",42813
29510,"St. Louis (Independent City), MO",66606
30001,"Beaverhead, MT",62086
30003,"Big Horn, MT",39918
30005,"Blaine, MT",37554
30007,"Broadwater, MT",57021
30009,"Carbon, MT",71349
30011,"Carter, MT",53344
30013,"Cascade, MT",63865
30015,"Chouteau, MT",51888
30017,"Custer, MT",58945
30019,"Daniels, MT",61349
30021,"Dawson, MT",55246
30023,"Deer Lodge, MT",53613
30025,"Fallon, MT",58363
30027,"Fergus, MT",56801
30029,"Flathead, MT",73843
30031,"Gallatin, MT",94573
30033,"Garfield, MT",45475
30035,"Glacier, MT",49371
30037,"Golden Valley, MT",59238
30039,"Granite, MT",58258
30041,"Hill, MT",57147
30043,"Jefferson, MT",68296
30045,"Judith Basin, MT",59113
30047,"Lake, MT",53778
30049,"Lewis and Clark, MT",67391
30051,"Liberty, MT",68039
30053,"Lincoln, MT",50196
30055,"McCone, MT",45628
30057,"Madison, MT",78911
30059,"Meagher, MT",60748
30061,"Mineral, MT",50972
30063,"Missoula, MT",74223
30065,"Musselshell, MT",52084
30067,"Park, MT",71155
30069,"Petroleum, MT",42202
30071,"Phillips, MT",46151
30073,"Pondera, MT",66020
30075,"Powder River, MT",51522
30077,"Powell, MT",56516
30079,"Prairie, MT",61586
30081,"Ravalli, MT",68354
30083,"Richland, MT",76508
30085,"Roosevelt, MT",46258
30087,"Rosebud, MT",58043
30089,"Sanders, MT",49189
30091,"Sheridan, MT",57210
30093,"Silver Bow, MT",62254
30095,"Stillwater, MT",71714
30097,"Sweet Grass, MT",66533
30099,"Teton, MT",60585
30101,"Toole, MT",63456
30103,"Treasure, MT",62413
30105,"Valley, MT",59938
30107,"Wheatland, MT",54956
30109,"Wibaux, MT",50865
30111,"Yellowstone, MT",72985
31001,"Adams, NE",69000
31003,"Antelope, NE",67936
31005,"Arthur, NE",71520
31007,"Banner, NE",69174
31009,"Blaine, NE",78081
31011,"Boone, NE",71845
31013,"Box Butte, NE",60772
31015,"Boyd, NE",72329
31017,"Brown, NE",66288
31019,"Buffalo, NE",72681
31021,"Burt, NE",61483
31023,"Butler, NE",70817
31025,"Cass, NE",68296
31027,"Cedar, NE",66441
31029,"Chase, NE",75006
31031,"Cherry, NE",68685
31033,"Cheyenne, NE",55224
31035,"Clay, NE",66993
31037,"Colfax, NE",57157
31039,"Cuming, NE",80462
31041,"Custer, NE",63791
31043,"Dakota, NE",63590
31045,"Dawes, NE",53452
31047,"Dawson, NE",55197
31049,"Deuel, NE",46222
31051,"Dixon, NE",60465
31053,"Dodge, NE",62469
31055,"Douglas, NE",85842
31057,"Dundy, NE",98564
31059,"Fillmore, NE",79223
31061,"Franklin, NE",64303
31063,"Frontier, NE",48453
31065,"Furnas, NE",57331
31067,"Gage, NE",80959
31069,"Garden, NE",62150
31071,"Garfield, NE",60716
31073,"Gosper, NE",69420
31075,"Grant, NE",61485
31077,"Greeley, NE",74981
31079,"Hall, NE",61566
31081,"Hamilton, NE",72727
31083,"Harlan, NE",73374
31085,"Hayes, NE",72707
31087,"Hitchcock, NE",59521
31089,"Holt, NE",67010
31091,"Hooker, NE",52245
31093,"Howard, NE",60107
31095,"Jefferson, NE",60466
31097,"Johnson, NE",45756
31099,"Kearney, NE",99676
31101,"Keith, NE",59533
31103,"Keya Paha, NE",64926
31105,"Kimball, NE",64056
31107,"Knox, NE",64815
31109,"Lancaster, NE",68273
31111,"Lincoln, NE",71847
31113,"Logan, NE",63269
31115,"Loup, NE",75431
31117,"McPherson, NE",74524
31119,"Madison, NE",68225
31121,"Merrick, NE",64908
31123,"Morrill, NE",79808
31125,"Nance, NE",53804
31127,"Nemaha, NE",59994
31129,"Nuckolls, NE",73365
31131,"Otoe, NE",62582
31133,"Pawnee, NE",55154
31135,"Perkins, NE",82462
31137,"Phelps, NE",71624
31139,"Pierce, NE",112729
31141,"Platte, NE",61482
31143,"Polk, NE",74391
31145,"Red Willow, NE",60087
31147,"Richardson, NE",61085
31149,"Rock, NE",92199
31151,"Saline, NE",55745
31153,"Sarpy, NE",67847
31155,"Saunders, NE",71982
31157,"Scotts Bluff, NE",60200
31159,"Seward, NE",68884
31161,"Sheridan, NE",69010
31163,"Sherman, NE",58718
31165,"Sioux, NE",85546
31167,"Stanton, NE",62006
31169,"Thayer, NE",70092
31171,"Thomas, NE",71703
31173,"Thurston, NE",59883
31175,"Valley, NE",71405
31177,"Washington, NE",75612
31179,"Wayne, NE",55210
31181,"Webster, NE",62936
31183,"Wheeler, NE",63688
31185,"York, NE",66019
32001,"Churchill, NV",59901
32003,"Clark, NV",66952
32005,"Douglas, NV",109486
32007,"Elko, NV",58930
32009,"Esmeralda, NV",64756
32011,"Eureka, NV",52387
32013,"Humboldt, NV",60358
32015,"Lander, NV",83490
32017,"Lincoln, NV",57373
32019,"Lyon, NV",52262
32021,"Mineral, NV",51143
32023,"Nye, NV",47861
32027,"Pershing, NV",45906
32029,"Storey, NV",83495
32031,"Washoe, NV",86639
32033,"White Pine, NV",68891
32510,"Carson City (Independent City), NV",68076
33001,"Belknap, NH",85305
33003,"Carroll, NH",85364
33005,"Cheshire, NH",70499
33007,"Coos, NH",60657
33009,"Grafton, NH",85873
33011,"Hillsborough, NH",80473
33013,"Merrimack, NH",78153
33015,"Rockingham, NH",100216
33017,"Strafford, NH",69278
33019,"Sullivan, NH",72612
34001,"Atlantic, NJ",63187
34003,"Bergen, NJ",106211
34005,"Burlington, NJ",78221
34007,"Camden, NJ",67784
34009,"Cape May, NJ",82400
34011,"Cumberland, NJ",50843
34013,"Essex, NJ",82871
34015,"Gloucester, NJ",68394
34017,"Hudson, NJ",82814
34019,"Hunterdon, NJ",109998
34021,"Mercer, NJ",87068
34023,"Middlesex, NJ",77293
34025,"Monmouth, NJ",104887
34027,"Morris, NJ",119713
34029,"Ocean, NJ",64097
34031,"Passaic, NJ",62380
34033,"Salem, NJ",60000
34035,"Somerset, NJ",121042
34037,"Sussex, NJ",77661
34039,"Union, NJ",85152
34041,"Warren, NJ",69633
35001,"Bernalillo, NM",62836
35003,"Catron, NM",44531
35005,"Chaves, NM",54036
35006,"Cibola, NM*",36397
35007,"Colfax, NM",52638
35009,"Curry, NM",58959
35011,"De Baca, NM",64660
35013,"Doña Ana, NM",49742
35015,"Eddy, NM",78406
35017,"Grant, NM",54768
35019,"Guadalupe, NM",48445
35021,"Harding, NM",51246
35023,"Hidalgo, NM",56723
35025,"Lea, NM",59387
35027,"Lincoln, NM",57253
35028,"Los Alamos, NM",98378
35029,"Luna, NM",40780
35031,"McKinley, NM",37085
35033,"Mora, NM",61259
35035,"Otero, NM",44665
35037,"Quay, NM",47343
35039,"Rio Arriba, NM",48455
35041,"Roosevelt, NM",54570
35043,"Sandoval, NM",60016
35045,"San Juan, NM",47931
35047,"San Miguel, NM",50234
35049,"Santa Fe, NM",82474
35051,"Sierra, NM",52569
35053,"Socorro, NM",47298
35055,"Taos, NM",53449
35057,"Torrance, NM",49049
35059,"Union, NM",38255
35061,"Valencia, NM*",48865
36001,"Albany, NY",83395
36003,"Allegany, NY",44689
36005,"Bronx, NY",46787
36007,"Broome, NY",55337
36009,"Cattaraugus, NY",51316
36011,"Cayuga, NY",57027
36013,"Chautauqua, NY",52247
36015,"Chemung, NY",56156
36017,"Chenango, NY",59001
36019,"Clinton, NY",57305
36021,"Columbia, NY",79389
36023,"Cortland, NY",52477
36025,"Delaware, NY",53587
36027,"Dutchess, NY",75190
36029,"Erie, NY",64801
36031,"Essex, NY",62868
36033,"Franklin, NY",55720
36035,"Fulton, NY",56848
36037,"Genesee, NY",55898
36039,"Greene, NY",65365
36041,"Hamilton, NY",61486
36043,"Herkimer, NY",54996
36045,"Jefferson, NY",58150
36047,"Kings, NY",69427
36049,"Lewis, NY",58899
36051,"Livingston, NY",55589
36053,"Madison, NY",61338
36055,"Monroe, NY",67184
36057,"Montgomery, NY",53879
36059,"Nassau, NY",109400
36061,"New York, NY",217075
36063,"Niagara, NY",59228
36065,"Oneida, NY",58323
36067,"Onondaga, NY",67066
36069,"Ontario, NY",68480
36071,"Orange, NY",63155
36073,"Orleans, NY",51092
36075,"Oswego, NY",52675
36077,"Otsego, NY",56383
36079,"Putnam, NY",88460
36081,"Queens, NY",62343
36083,"Rensselaer, NY",64491
36085,"Richmond, NY",68753
36087,"Rockland, NY",72930
36089,"St. Lawrence, NY",50912
36091,"Saratoga, NY",86833
36093,"Schenectady, NY",63635
36095,"Schoharie, NY",56002
36097,"Schuyler, NY",55595
36099,"Seneca, NY",52125
36101,"Steuben, NY",59218
36103,"Suffolk, NY",92113
36105,"Sullivan, NY",60628
36107,"Tioga, NY",57815
36109,"Tompkins, NY",56490
36111,"Ulster, NY",69090
36113,"Warren, NY",70235
36115,"Washington, NY",53847
36117,"Wayne, NY",60489
36119,"Westchester, NY",136419
36121,"Wyoming, NY",53586
36123,"Yates, NY",54652
37001,"Alamance, NC",54218
37003,"Alexander, NC",53459
37005,"Alleghany, NC",51809
37007,"Anson, NC",55451
37009,"Ashe, NC",51489
37011,"Avery, NC",53895
37013,"Beaufort, NC",62010
37015,"Bertie, NC",53853
37017,"Bladen, NC",54352
37019,"Brunswick, NC",64262
37021,"Buncombe, NC",70623
37023,"Burke, NC",51046
37025,"Cabarrus, NC",61113
37027,"Caldwell, NC",50611
37029,"Camden, NC",62549
37031,"Carteret, NC",74177
37033,"Caswell, NC",48203
37035,"Catawba, NC",60366
37037,"Chatham, NC",91638
37039,"Cherokee, NC",45135
37041,"Chowan, NC",57700
37043,"Clay, NC",50528
37045,"Cleveland, NC",51181
37047,"Columbus, NC",48989
37049,"Craven, NC",61929
37051,"Cumberland, NC",52382
37053,"Currituck, NC",65005
37055,"Dare, NC",83613
37057,"Davidson, NC",53998
37059,"Davie, NC",67760
37061,"Duplin, NC",58319
37063,"Durham, NC",69077
37065,"Edgecombe, NC",50111
37067,"Forsyth, NC",63989
37069,"Franklin, NC",52112
37071,"Gaston, NC",55398
37073,"Gates, NC",55934
37075,"Graham, NC",47641
37077,"Granville, NC",54829
37079,"Greene, NC",42879
37081,"Guilford, NC",63665
37083,"Halifax, NC",50594
37085,"Harnett, NC",50128
37087,"Haywood, NC",58464
37089,"Henderson, NC",63668
37091,"Hertford, NC",49820
37093,"Hoke, NC",46122
37095,"Hyde, NC",56767
37097,"Iredell, NC",70112
37099,"Jackson, NC",49869
37101,"Johnston, NC",55335
37103,"Jones, NC",53974
37105,"Lee, NC",57393
37107,"Lenoir, NC",56998
37109,"Lincoln, NC",64836
37111,"McDowell, NC",50502
37113,"Macon, NC",55969
37115,"Madison, NC",50927
37117,"Martin, NC",46890
37119,"Mecklenburg, NC",86098
37121,"Mitchell, NC",50776
37123,"Montgomery, NC",50197
37125,"Moore, NC",72920
37127,"Nash, NC",56141
37129,"New Hanover, NC",69666
37131,"Northampton, NC",52819
37133,"Onslow, NC",57450
37135,"Orange, NC",87778
37137,"Pamlico, NC",59634
37139,"Pasquotank, NC",53928
37141,"Pender, NC",56586
37143,"Perquimans, NC",58932
37145,"Person, NC",52765
37147,"Pitt, NC",58766
37149,"Polk, NC",72236
37151,"Randolph, NC",51934
37153,"Richmond, NC",51502
37155,"Robeson, NC",46550
37157,"Rockingham, NC",50840
37159,"Rowan, NC",51712
37161,"Rutherford, NC",47500
37163,"Sampson, NC",50934
37165,"Scotland, NC",47747
37167,"Stanly, NC",54224
37169,"Stokes, NC",52304
37171,"Surry, NC",54267
37173,"Swain, NC",59665
37175,"Transylvania, NC",64641
37177,"Tyrrell, NC",46999
37179,"Union, NC",76528
37181,"Vance, NC",49403
37183,"Wake, NC",85573
37185,"Warren, NC",40932
37187,"Washington, NC",50780
37189,"Watauga, NC",56442
37191,"Wayne, NC",53955
37193,"Wilkes, NC",52892
37195,"Wilson, NC",54929
37197,"Yadkin, NC",53881
37199,"Yancey, NC",48908
38001,"Adams, ND",51135
38003,"Barnes, ND",65538
38005,"Benson, ND",54516
38007,"Billings, ND",83173
38009,"Bottineau, ND",76250
38011,"Bowman, ND",73567
38013,"Burke, ND",83248
38015,"Burleigh, ND",75724
38017,"Cass, ND",74118
38019,"Cavalier, ND",94299
38021,"Dickey, ND",95638
38023,"Divide, ND",57287
38025,"Dunn, ND",99793
38027,"Eddy, ND",77543
38029,"Emmons, ND",58700
38031,"Foster, ND",69847
38033,"Golden Valley, ND",45409
38035,"Grand Forks, ND",66422
38037,"Grant, ND",49089
38039,"Griggs, ND",74455
38041,"Hettinger, ND",45333
38043,"Kidder, ND",71747
38045,"LaMoure, ND",75679
38047,"Logan, ND",61240
38049,"McHenry, ND",68058
38051,"McIntosh, ND",67664
38053,"McKenzie, ND",83041
38055,"McLean, ND",70392
38057,"Mercer, ND",69934
38059,"Morton, ND",64468
38061,"Mountrail, ND",79698
38063,"Nelson, ND",77562
38065,"Oliver, ND",52588
38067,"Pembina, ND",87020
38069,"Pierce, ND",60578
38071,"Ramsey, ND",65460
38073,"Ransom, ND",72353
38075,"Renville, ND",79894
38077,"Richland, ND",68548
38079,"Rolette, ND",58110
38081,"Sargent, ND",81208
38083,"Sheridan, ND",51968
38085,"Sioux, ND",33782
38087,"Slope, ND",36609
38089,"Stark, ND",73173
38091,"Steele, ND",78457
38093,"Stutsman, ND",66311
38095,"Towner, ND",80670
38097,"Traill, ND",71172
38099,"Walsh, ND",74307
38101,"Ward, ND",68835
38103,"Wells, ND",82133
38105,"Williams, ND",76176
39001,"Adams, OH",48003
39003,"Allen, OH",56066
39005,"Ashland, OH",53234
39007,"Ashtabula, OH",53259
39009,"Athens, OH",43940
39011,"Auglaize, OH",63340
39013,"Belmont, OH",54976
39015,"Brown, OH",50147
39017,"Butler, OH",60037
39019,"Carroll, OH",53476
39021,"Champaign, OH",54645
39023,"Clark, OH",52869
39025,"Clermont, OH",66235
39027,"Clinton, OH",55867
39029,"Columbiana, OH",51183
39031,"Coshocton, OH",46704
39033,"Crawford, OH",49862
39035,"Cuyahoga, OH",72797
39037,"Darke, OH",59915
39039,"Defiance, OH",51182
39041,"Delaware, OH",96573
39043,"Erie, OH",63347
39045,"Fairfield, OH",61185
39047,"Fayette, OH",50746
39049,"Franklin, OH",66705
39051,"Fulton, OH",58475
39053,"Gallia, OH",53417
39055,"Geauga, OH",92155
39057,"Greene, OH",67273
39059,"Guernsey, OH",52739
39061,"Hamilton, OH",78987
39063,"Hancock, OH",70136
39065,"Hardin, OH",44662
39067,"Harrison, OH",55401
39069,"Henry, OH",56051
39071,"Highland, OH",47977
39073,"Hocking, OH",50237
39075,"Holmes, OH",63888
39077,"Huron, OH",52114
39079,"Jackson, OH",45475
39081,"Jefferson, OH",50985
39083,"Knox, OH",58293
39085,"Lake, OH",66609
39087,"Lawrence, OH",54447
39089,"Licking, OH",61466
39091,"Logan, OH",55250
39093,"Lorain, OH",61782
39095,"Lucas, OH",60288
39097,"Madison, OH",55980
39099,"Mahoning, OH",58371
39101,"Marion, OH",47315
39103,"Medina, OH",73709
39105,"Meigs, OH",47890
39107,"Mercer, OH",72667
39109,"Miami, OH",62303
39111,"Monroe, OH",47158
39113,"Montgomery, OH",60796
39115,"Morgan, OH",48586
39117,"Morrow, OH",53536
39119,"Muskingum, OH",54878
39121,"Noble, OH",34940
39123,"Ottawa, OH",68759
39125,"Paulding, OH",55783
39127,"Perry, OH",51367
39129,"Pickaway, OH",53904
39131,"Pike, OH",51649
39133,"Portage, OH",59373
39135,"Preble, OH",53761
39137,"Putnam, OH",65403
39139,"Richland, OH",50010
39141,"Ross, OH",48854
39143,"Sandusky, OH",53099
39145,"Scioto, OH",51484
39147,"Seneca, OH",52061
39149,"Shelby, OH",57615
39151,"Stark, OH",59959
39153,"Summit, OH",67711
39155,"Trumbull, OH",52479
39157,"Tuscarawas, OH",61815
39159,"Union, OH",75616
39161,"Van Wert, OH",54247
39163,"Vinton, OH",44931
39165,"Warren, OH",81022
39167,"Washington, OH",57485
39169,"Wayne, OH",61004
39171,"Williams, OH",52928
39173,"Wood, OH",62600
39175,"Wyandot, OH",61381
40001,"Adair, OK",44129
40003,"Alfalfa, OK",45852
40005,"Atoka, OK",38709
40007,"Beaver, OK",69985
40009,"Beckham, OK",44069
40011,"Blaine, OK",56243
40013,"Bryan, OK",48009
40015,"Caddo, OK",49329
40017,"Canadian, OK",56786
40019,"Carter, OK",55594
40021,"Cherokee, OK",45156
40023,"Choctaw, OK",46655
40025,"Cimarron, OK",79566
40027,"Cleveland, OK",57355
40029,"Coal, OK",48239
40031,"Comanche, OK",54944
40033,"Cotton, OK",56825
40035,"Craig, OK",48473
40037,"Creek, OK",53272
40039,"Custer, OK",51043
40041,"Delaware, OK",48500
40043,"Dewey, OK",61823
40045,"Ellis, OK",67585
40047,"Garfield, OK",54091
40049,"Garvin, OK",51464
40051,"Grady, OK",52795
40053,"Grant, OK",59871
40055,"Greer, OK",41254
40057,"Harmon, OK",66311
40059,"Harper, OK",73644
40061,"Haskell, OK",47367
40063,"Hughes, OK",53297
40065,"Jackson, OK",55896
40067,"Jefferson, OK",46470
40069,"Johnston, OK",52678
40071,"Kay, OK",51201
40073,"Kingfisher, OK",75724
40075,"Kiowa, OK",49691
40077,"Latimer, OK",42676
40079,"Le Flore, OK",45176
40081,"Lincoln, OK",48546
40083,"Logan, OK",52968
40085,"Love, OK",47073
40087,"McClain, OK",59598
40089,"McCurtain, OK",47713
40091,"McIntosh, OK",46098
40093,"Major, OK",53411
40095,"Marshall, OK",51250
40097,"Mayes, OK",50654
40099,"Murray, OK",53313
40101,"Muskogee, OK",49780
40103,"Noble, OK",55953
40105,"Nowata, OK",50559
40107,"Okfuskee, OK",41342
40109,"Oklahoma, OK",76758
40111,"Okmulgee, OK",46623
40113,"Osage, OK",47372
40115,"Ottawa, OK",49839
40117,"Pawnee, OK",47687
40119,"Payne, OK",48953
40121,"Pittsburg, OK",46560
40123,"Pontotoc, OK",60182
40125,"Pottawatomie, OK",50705
40127,"Pushmataha, OK",43180
40129,"Roger Mills, OK",54199
40131,"Rogers, OK",58885
40133,"Seminole, OK",46606
40135,"Sequoyah, OK",46719
40137,"Stephens, OK",55200
40139,"Texas, OK",68570
40141,"Tillman, OK",39390
40143,"Tulsa, OK",83844
40145,"Wagoner, OK",53428
40147,"Washington, OK",126749
40149,"Washita, OK",43130
40151,"Woods, OK",52135
40153,"Woodward, OK",46748
41001,"Baker, OR",56435
41003,"Benton, OR",62473
41005,"Clackamas, OR",84035
41007,"Clatsop, OR",63292
41009,"Columbia, OR",60858
41011,"Coos, OR",62682
41013,"Crook, OR",62128
41015,"Curry, OR",61282
41017,"Deschutes, OR",86176
41019,"Douglas, OR",55747
41021,"Gilliam, OR",73757
41023,"Grant, OR",58548
41025,"Harney, OR",57367
41027,"Hood River, OR",74839
41029,"Jackson, OR",65802
41031,"Jefferson, OR",50049
41033,"Josephine, OR",57206
41035,"Klamath, OR",54476
41037,"Lake, OR",53014
41039,"Lane, OR",65010
41041,"Lincoln, OR",61973
41043,"Linn, OR",59976
41045,"Malheur, OR",42974
41047,"Marion, OR",60135
41049,"Morrow, OR",60097
41051,"Multnomah, OR",78973
41053,"Polk, OR",57251
41055,"Sherman, OR",59314
41057,"Tillamook, OR",64662
41059,"Umatilla, OR",55991
41061,"Union, OR",56198
41063,"Wallowa, OR",67705
41065,"Wasco, OR",60127
41067,"Washington, OR",81349
41069,"Wheeler, OR",52470
41071,"Yamhill, OR",64182
42001,"Adams, PA",60234
42003,"Allegheny, PA",77685
42005,"Armstrong, PA",60754
42007,"Beaver, PA",59900
42009,"Bedford, PA",53893
42011,"Berks, PA",62942
42013,"Blair, PA",60198
42015,"Bradford, PA",51843
42017,"Bucks, PA",96664
42019,"Butler, PA",76582
42021,"Cambria, PA",52794
42023,"Cameron, PA",55122
42025,"Carbon, PA",59095
42027,"Centre, PA",59070
42029,"Chester, PA",110883
42031,"Clarion, PA",50839
42033,"Clearfield, PA",57366
42035,"Clinton, PA",49562
42037,"Columbia, PA",54347
42039,"Crawford, PA",52158
42041,"Cumberland, PA",71515
42043,"Dauphin, PA",62394
42045,"Delaware, PA",85094
42047,"Elk, PA",56186
42049,"Erie, PA",56568
42051,"Fayette, PA",52939
42053,"Forest, PA",30234
42055,"Franklin, PA",60189
42057,"Fulton, PA",52697
42059,"Greene, PA",55068
42061,"Huntingdon, PA",49576
42063,"Indiana, PA",49701
42065,"Jefferson, PA",51846
42067,"Juniata, PA",60776
42069,"Lackawanna, PA",58756
42071,"Lancaster, PA",68628
42073,"Lawrence, PA",55747
42075,"Lebanon, PA",60884
42077,"Lehigh, PA",66913
42079,"Luzerne, PA",55115
42081,"Lycoming, PA",55751
42083,"McKean, PA",53193
42085,"Mercer, PA",53129
42087,"Mifflin, PA",51124
42089,"Monroe, PA",56584
42091,"Montgomery, PA",104380
42093,"Montour, PA",72291
42095,"Northampton, PA",69350
42097,"Northumberland, PA",51987
42099,"Perry, PA",58394
42101,"Philadelphia, PA",61193
42103,"Pike, PA",61127
42105,"Potter, PA",50689
42107,"Schuylkill, PA",53043
42109,"Snyder, PA",55828
42111,"Somerset, PA",51445
42113,"Sullivan, PA",60098
42115,"Susquehanna, PA",62648
42117,"Tioga, PA",48758
42119,"Union, PA",55791
42121,"Venango, PA",51584
42123,"Warren, PA",52544
42125,"Washington, PA",76764
42127,"Wayne, PA",59395
42129,"Westmoreland, PA",66110
42131,"Wyoming, PA",59010
42133,"York, PA",62892
44001,"Bristol, RI",99923
44003,"Kent, RI",75126
44005,"Newport, RI",95033
44007,"Providence, RI",61040
44009,"Washington, RI",87451
45001,"Abbeville, SC",45157
45003,"Aiken, SC",56728
45005,"Allendale, SC",48320
45007,"Anderson, SC",53021
45009,"Bamberg, SC",48120
45011,"Barnwell, SC",44155
45013,"Beaufort, SC",85327
45015,"Berkeley, SC",58397
45017,"Calhoun, SC",56579
45019,"Charleston, SC",90550
45021,"Cherokee, SC",43456
45023,"Chester, SC",48449
45025,"Chesterfield, SC",41717
45027,"Clarendon, SC",51633
45029,"Colleton, SC",49111
45031,"Darlington, SC",52320
45033,"Dillon, SC",43733
45035,"Dorchester, SC",54669
45037,"Edgefield, SC",50250
45039,"Fairfield, SC",57356
45041,"Florence, SC",58159
45043,"Georgetown, SC",67003
45045,"Greenville, SC",64100
45047,"Greenwood, SC",49107
45049,"Hampton, SC",47632
45051,"Horry, SC",53905
45053,"Jasper, SC",50184
45055,"Kershaw, SC",60737
45057,"Lancaster, SC",61082
45059,"Laurens, SC",46035
45061,"Lee, SC",46925
45063,"Lexington, SC",64070
45065,"McCormick, SC",53670
45067,"Marion, SC",47091
45069,"Marlboro, SC",41332
45071,"Newberry, SC",53782
45073,"Oconee, SC",61307
45075,"Orangeburg, SC",47455
45077,"Pickens, SC",52091
45079,"Richland, SC",60580
45081,"Saluda, SC",49268
45083,"Spartanburg, SC",55886
45085,"Sumter, SC",52221
45087,"Union, SC",43154
45089,"Williamsburg, SC",43661
45091,"York, SC",66502
46003,"Aurora, SD",56122
46005,"Beadle, SD",64412
46007,"Bennett, SD",50050
46009,"Bon Homme, SD",51442
46011,"Brookings, SD",66775
46013,"Brown, SD",79984
46015,"Brule, SD",73229
46017,"Buffalo, SD",34242
46019,"Butte, SD",55658
46021,"Campbell, SD",68765
46023,"Charles Mix, SD",56278
46025,"Clark, SD",87398
46027,"Clay, SD",51050
46029,"Codington, SD",71817
46031,"Corson, SD",41246
46033,"Custer, SD",72654
46035,"Davison, SD",72648
46037,"Day, SD",72389
46039,"Deuel, SD",79895
46041,"Dewey, SD",57103
46043,"Douglas, SD",73191
46045,"Edmunds, SD",86216
46047,"Fall River, SD",64712
46049,"Faulk, SD",86022
46051,"Grant, SD",77092
46053,"Gregory, SD",62902
46055,"Haakon, SD",71499
46057,"Hamlin, SD",70519
46059,"Hand, SD",81841
46061,"Hanson, SD",79756
46063,"Harding, SD",61402
46065,"Hughes, SD",74747
46067,"Hutchinson, SD",73663
46069,"Hyde, SD",72554
46071,"Jackson, SD",47054
46073,"Jerauld, SD",73322
46075,"Jones, SD",78186
46077,"Kingsbury, SD",76703
46079,"Lake, SD",103883
46081,"Lawrence, SD",78616
46083,"Lincoln, SD",91853
46085,"Lyman, SD",52419
46087,"McCook, SD",75927
46089,"McPherson, SD",76160
46091,"Marshall, SD",81293
46093,"Meade, SD",59066
46095,"Mellette, SD",51842
46097,"Miner, SD",73798
46099,"Minnehaha, SD",78658
46101,"Moody, SD",71846
46102,"Oglala Lakota, SD*",38762
46103,"Pennington, SD",78464
46105,"Perkins, SD",56935
46107,"Potter, SD",65306
46109,"Roberts, SD",58604
46111,"Sanborn, SD",62718
46115,"Spink, SD",100787
46117,"Stanley, SD",84536
46119,"Sully, SD",85843
46121,"Todd, SD",40540
46123,"Tripp, SD",68414
46125,"Turner, SD",91710
46127,"Union, SD",146712
46129,"Walworth, SD",67680
46135,"Yankton, SD",74264
46137,"Ziebach, SD",32778
47001,"Anderson, TN",59997
47003,"Bedford, TN",52401
47005,"Benton, TN",47241
47007,"Bledsoe, TN",38520
47009,"Blount, TN",63260
47011,"Bradley, TN",52951
47013,"Campbell, TN",47677
47015,"Cannon, TN",51584
47017,"Carroll, TN",46675
47019,"Carter, TN",45463
47021,"Cheatham, TN",64605
47023,"Chester, TN",45805
47025,"Claiborne, TN",45523
47027,"Clay, TN",45901
47029,"Cocke, TN",46015
47031,"Coffee, TN",53153
47033,"Crockett, TN",53889
47035,"Cumberland, TN",52483
47037,"Davidson, TN",99647
47039,"Decatur, TN",55814
47041,"DeKalb, TN",51129
47043,"Dickson, TN",59620
47045,"Dyer, TN",57057
47047,"Fayette, TN",83543
47049,"Fentress, TN",47421
47051,"Franklin, TN",53240
47053,"Gibson, TN",52194
47055,"Giles, TN",50868
47057,"Grainger, TN",48728
47059,"Greene, TN",48197
47061,"Grundy, TN",43237
47063,"Hamblen, TN",52916
47065,"Hamilton, TN",69042
47067,"Hancock, TN",35020
47069,"Hardeman, TN",38952
47071,"Hardin, TN",50125
47073,"Hawkins, TN",46925
47075,"Haywood, TN",42941
47077,"Henderson, TN",52917
47079,"Henry, TN",57360
47081,"Hickman, TN",48075
47083,"Houston, TN",44887
47085,"Humphreys, TN",51055
47087,"Jackson, TN",42169
47089,"Jefferson, TN",51358
47091,"Johnson, TN",43934
47093,"Knox, TN",72840
47095,"Lake, TN",31572
47097,"Lauderdale, TN",42471
47099,"Lawrence, TN",46836
47101,"Lewis, TN",48574
47103,"Lincoln, TN",56519
47105,"Loudon, TN",73616
47107,"McMinn, TN",48697
47109,"McNairy, TN",43374
47111,"Macon, TN",43881
47113,"Madison, TN",58880
47115,"Marion, TN",53958
47117,"Marshall, TN",54587
47119,"Maury, TN",60899
47121,"Meigs, TN",42410
47123,"Monroe, TN",47859
47125,"Montgomery, TN",54347
47127,"Moore, TN",55854
47129,"Morgan, TN",42713
47131,"Obion, TN",53927
47133,"Overton, TN",44960
47135,"Perry, TN",41306
47137,"Pickett, TN",48749
47139,"Polk, TN",45397
47141,"Putnam, TN",54582
47143,"Rhea, TN",48059
47145,"Roane, TN",56431
47147,"Robertson, TN",60128
47149,"Rutherford, TN",58345
47151,"Scott, TN",41001
47153,"Sequatchie, TN",50032
47155,"Sevier, TN",63846
47157,"Shelby, TN",65448
47159,"Smith, TN",53117
47161,"Stewart, TN",53742
47163,"Sullivan, TN",58128
47165,"Sumner, TN",73326
47167,"Tipton, TN",53752
47169,"Trousdale, TN",43154
47171,"Unicoi, TN",48861
47173,"Union, TN",45355
47175,"Van Buren, TN",38884
47177,"Warren, TN",47359
47179,"Washington, TN",60449
47181,"Wayne, TN",42777
47183,"Weakley, TN",48495
47185,"White, TN",45273
47187,"Williamson, TN",139704
47189,"Wilson, TN",72229
48001,"Anderson, TX",46581
48003,"Andrews, TX",60201
48005,"Angelina, TX",53573
48007,"Aransas, TX",70565
48009,"Archer, TX",69559
48011,"Armstrong, TX",70719
48013,"Atascosa, TX",50140
48015,"Austin, TX",67423
48017,"Bailey, TX",59187
48019,"Bandera, TX",65926
48021,"Bastrop, TX",49858
48023,"Baylor, TX",63915
48025,"Bee, TX",37902
48027,"Bell, TX",55214
48029,"Bexar, TX",61160
48031,"Blanco, TX",82501
48033,"Borden, TX",136068
48035,"Bosque, TX",60828
48037,"Bowie, TX",53921
48039,"Brazoria, TX",60700
48041,"Brazos, TX",52970
48043,"Brewster, TX",64232
48045,"Briscoe, TX",57246
48047,"Brooks, TX",45372
48049,"Brown, TX",51791
48051,"Burleson, TX",62042
48053,"Burnet, TX",68613
48055,"Caldwell, TX",46291
48057,"Calhoun, TX",58872
48059,"Callahan, TX",56294
48061,"Cameron, TX",39990
48063,"Camp, TX",52528
48065,"Carson, TX",57997
48067,"Cass, TX",51139
48069,"Castro, TX",107286
48071,"Chambers, TX",66866
48073,"Cherokee, TX",48329
48075,"Childress, TX",45376
48077,"Clay, TX",58415
48079,"Cochran, TX",52714
48081,"Coke, TX",58295
48083,"Coleman, TX",61133
48085,"Collin, TX",89488
48087,"Collingsworth, TX",57854
48089,"Colorado, TX",65601
48091,"Comal, TX",79451
48093,"Comanche, TX",58488
48095,"Concho, TX",44706
48097,"Cooke, TX",64928
48099,"Coryell, TX",41184
48101,"Cottle, TX",116487
48103,"Crane, TX",60776
48105,"Crockett, TX",70106
48107,"Crosby, TX",49417
48109,"Culberson, TX",100342
48111,"Dallam, TX",81925
48113,"Dallas, TX",84975
48115,"Dawson, TX",53016
48117,"Deaf Smith, TX",75979
48119,"Delta, TX",51821
48121,"Denton, TX",80108
48123,"DeWitt, TX",75556
48125,"Dickens, TX",57692
48127,"Dimmit, TX",57629
48129,"Donley, TX",54293
48131,"Duval, TX",52871
48133,"Eastland, TX",54997
48135,"Ector, TX",62325
48137,"Edwards, TX",73782
48139,"Ellis, TX",58766
48141,"El Paso, TX",49306
48143,"Erath, TX",57112
48145,"Falls, TX",47312
48147,"Fannin, TX",50981
48149,"Fayette, TX",78628
48151,"Fisher, TX",60573
48153,"Floyd, TX",51343
48155,"Foard, TX",66401
48157,"Fort Bend, TX",75721
48159,"Franklin, TX",61557
48161,"Freestone, TX",50965
48163,"Frio, TX",40109
48165,"Gaines, TX",53425
48167,"Galveston, TX",67777
48169,"Garza, TX",47763
48171,"Gillespie, TX",97669
48173,"Glasscock, TX",140602
48175,"Goliad, TX",63546
48177,"Gonzales, TX",71447
48179,"Gray, TX",55066
48181,"Grayson, TX",57952
48183,"Gregg, TX",62285
48185,"Grimes, TX",45217
48187,"Guadalupe, TX",61610
48189,"Hale, TX",45037
48191,"Hall, TX",45845
48193,"Hamilton, TX",74459
48195,"Hansford, TX",96833
48197,"Hardeman, TX",59961
48199,"Hardin, TX",59804
48201,"Harris, TX",79991
48203,"Harrison, TX",52232
48205,"Hartley, TX",123445
48207,"Haskell, TX",48552
48209,"Hays, TX",67490
48211,"Hemphill, TX",92501
48213,"Henderson, TX",54981
48215,"Hidalgo, TX",35290
48217,"Hill, TX",55204
48219,"Hockley, TX",54453
48221,"Hood, TX",69107
48223,"Hopkins, TX",58893
48225,"Houston, TX",56177
48227,"Howard, TX",69048
48229,"Hudspeth, TX",41143
48231,"Hunt, TX",50952
48233,"Hutchinson, TX",55473
48235,"Irion, TX",87236
48237,"Jack, TX",49763
48239,"Jackson, TX",55527
48241,"Jasper, TX",55870
48243,"Jeff Davis, TX",77026
48245,"Jefferson, TX",53111
48247,"Jim Hogg, TX",45920
48249,"Jim Wells, TX",53073
48251,"Johnson, TX",56879
48253,"Jones, TX",41003
48255,"Karnes, TX",83316
48257,"Kaufman, TX",53448
48259,"Kendall, TX",114424
48261,"Kenedy, TX",49582
48263,"Kent, TX",66060
48265,"Kerr, TX",73735
48267,"Kimble, TX",60025
48269,"King, TX",134670
48271,"Kinney, TX",45458
48273,"Kleberg, TX",50745
48275,"Knox, TX",52053
48277,"Lamar, TX",53557
48279,"Lamb, TX",63498
48281,"Lampasas, TX",65695
48283,"La Salle, TX",50399
48285,"Lavaca, TX",72688
48287,"Lee, TX",62259
48289,"Leon, TX",66456
48291,"Liberty, TX",44266
48293,"Limestone, TX",54906
48295,"Lipscomb, TX",139667
48297,"Live Oak, TX",49981
48299,"Llano, TX",75561
48301,"Loving, TX",220625
48303,"Lubbock, TX",55804
48305,"Lynn, TX",56947
48307,"McCulloch, TX",52532
48309,"McLennan, TX",56851
48311,"McMullen, TX",118742
48313,"Madison, TX",46869
48315,"Marion, TX",54796
48317,"Martin, TX",110411
48319,"Mason, TX",63988
48321,"Matagorda, TX",55823
48323,"Maverick, TX",41075
48325,"Medina, TX",54573
48327,"Menard, TX",52790
48329,"Midland, TX",146414
48331,"Milam, TX",52877
48333,"Mills, TX",60045
48335,"Mitchell, TX",42239
48337,"Montague, TX",51772
48339,"Montgomery, TX",80512
48341,"Moore, TX",62001
48343,"Morris, TX",52766
48345,"Motley, TX",54089
48347,"Nacogdoches, TX",51699
48349,"Navarro, TX",48906
48351,"Newton, TX",47366
48353,"Nolan, TX",60236
48355,"Nueces, TX",58091
48357,"Ochiltree, TX",68476
48359,"Oldham, TX",89391
48361,"Orange, TX",54912
48363,"Palo Pinto, TX",56315
48365,"Panola, TX",61883
48367,"Parker, TX",75334
48369,"Parmer, TX",77881
48371,"Pecos, TX",50066
48373,"Polk, TX",52427
48375,"Potter, TX",59196
48377,"Presidio, TX",72762
48379,"Rains, TX",47070
48381,"Randall, TX",63345
48383,"Reagan, TX",76277
48385,"Real, TX",65001
48387,"Red River, TX",56814
48389,"Reeves, TX",85037
48391,"Refugio, TX",59471
48393,"Roberts, TX",64459
48395,"Robertson, TX",60506
48397,"Rockwall, TX",78787
48399,"Runnels, TX",57795
48401,"Rusk, TX",48268
48403,"Sabine, TX",49906
48405,"San Augustine, TX",61402
48407,"San Jacinto, TX",48408
48409,"San Patricio, TX",54668
48411,"San Saba, TX",51632
48413,"Schleicher, TX",64587
48415,"Scurry, TX",57217
48417,"Shackelford, TX",99639
48419,"Shelby, TX",70341
48421,"Sherman, TX",155835
48423,"Smith, TX",69908
48425,"Somervell, TX",62852
48427,"Starr, TX",34180
48429,"Stephens, TX",50264
48431,"Sterling, TX",74366
48433,"Stonewall, TX",92904
48435,"Sutton, TX",68978
48437,"Swisher, TX",81571
48439,"Tarrant, TX",69936
48441,"Taylor, TX",61692
48443,"Terrell, TX",65159
48445,"Terry, TX",47519
48447,"Throckmorton, TX",51196
48449,"Titus, TX",54678
48451,"Tom Green, TX",67584
48453,"Travis, TX",98944
48455,"Trinity, TX",50727
48457,"Tyler, TX",46970
48459,"Upshur, TX",48154
48461,"Upton, TX",96021
48463,"Uvalde, TX",56292
48465,"Val Verde, TX",52067
48467,"Van Zandt, TX",49646
48469,"Victoria, TX",60988
48471,"Walker, TX",36921
48473,"Waller, TX",55028
48475,"Ward, TX",76133
48477,"Washington, TX",72659
48479,"Webb, TX",44200
48481,"Wharton, TX",58445
48483,"Wheeler, TX",53330
48485,"Wichita, TX",57855
48487,"Wilbarger, TX",67853
48489,"Willacy, TX",37182
48491,"Williamson, TX",76156
48493,"Wilson, TX",61373
48495,"Winkler, TX",85774
48497,"Wise, TX",60091
48499,"Wood, TX",53117
48501,"Yoakum, TX",59553
48503,"Young, TX",70700
48505,"Zapata, TX",34617
48507,"Zavala, TX",45538
49001,"Beaver, UT",39179
49003,"Box Elder, UT",52138
49005,"Cache, UT",53880
49007,"Carbon, UT",53578
49009,"Daggett, UT",58327
49011,"Davis, UT",65234
49013,"Duchesne, UT",55422
49015,"Emery, UT",44291
49017,"Garfield, UT",53671
49019,"Grand, UT",81380
49021,"Iron, UT",45498
49023,"Juab, UT",52463
49025,"Kane, UT",57334
49027,"Millard, UT",55316
49029,"Morgan, UT",74288
49031,"Piute, UT",75547
49033,"Rich, UT",60081
49035,"Salt Lake, UT",75434
49037,"San Juan, UT",39972
49039,"Sanpete, UT",47226
49041,"Sevier, UT",48917
49043,"Summit, UT",280510
49045,"Tooele, UT",51494
49047,"Uintah, UT",44840
49049,"Utah, UT",59651
49051,"Wasatch, UT",97428
49053,"Washington, UT",58047
49055,"Wayne, UT",60423
49057,"Weber, UT",58582
50001,"Addison, VT",68558
50003,"Bennington, VT",70649
50005,"Caledonia, VT",57231
50007,"Chittenden, VT",80533
50009,"Essex, VT",50712
50011,"Franklin, VT",60629
50013,"Grand Isle, VT",79333
50015,"Lamoille, VT",71627
50017,"Orange, VT",63172
50019,"Orleans, VT",58908
50021,"Rutland, VT",66361
50023,"Washington, VT",79488
50025,"Windham, VT",63331
50027,"Windsor, VT",77039
51001,"Accomack, VA",55998
51007,"Amelia, VA",56488
51009,"Amherst, VA",48819
51011,"Appomattox, VA",49384
51013,"Arlington, VA",131624
51017,"Bath, VA",84722
51019,"Bedford, VA*",60072
51021,"Bland, VA",49719
51023,"Botetourt, VA",66799
51025,"Brunswick, VA",47473
51027,"Buchanan, VA",52465
51029,"Buckingham, VA",41269
51033,"Caroline, VA",56845
51036,"Charles City, VA",68549
51037,"Charlotte, VA",49287
51041,"Chesterfield, VA",69378
51043,"Clarke, VA",86201
51045,"Craig, VA",52712
51047,"Culpeper, VA",62786
51049,"Cumberland, VA",50714
51051,"Dickenson, VA",46587
51057,"Essex, VA",58862
51061,"Fauquier, VA",90597
51063,"Floyd, VA",54710
51065,"Fluvanna, VA",60650
51067,"Franklin, VA",58252
51071,"Giles, VA",55152
51073,"Gloucester, VA",64683
51075,"Goochland, VA",130571
51077,"Grayson, VA",43221
51079,"Greene, VA",58821
51083,"Halifax, VA",49300
51085,"Hanover, VA",81533
51087,"Henrico, VA",81054
51091,"Highland, VA",55224
51093,"Isle of Wight, VA",70714
51097,"King and Queen, VA",64881
51099,"King George, VA",69622
51101,"King William, VA",61754
51103,"Lancaster, VA",85487
51105,"Lee, VA",43193
51107,"Loudoun, VA",106510
51109,"Louisa, VA",54482
51111,"Lunenburg, VA",42935
51113,"Madison, VA",63787
51115,"Mathews, VA",76569
51117,"Mecklenburg, VA",51880
51119,"Middlesex, VA",70772
51125,"Nelson, VA",71776
51127,"New Kent, VA",128544
51131,"Northampton, VA",70479
51133,"Northumberland, VA",69818
51135,"Nottoway, VA",47849
51137,"Orange, VA",66250
51139,"Page, VA",52748
51141,"Patrick, VA",45475
51145,"Powhatan, VA",75461
51147,"Prince Edward, VA",43284
51155,"Pulaski, VA",53872
51157,"Rappahannock, VA",95139
51159,"Richmond, VA",47384
51167,"Russell, VA",45266
51169,"Scott, VA",45065
51171,"Shenandoah, VA",59843
51173,"Smyth, VA",50617
51179,"Stafford, VA",70313
51181,"Surry, VA",58212
51183,"Sussex, VA",41032
51185,"Tazewell, VA",51592
51187,"Warren, VA",62100
51193,"Westmoreland, VA",56273
51197,"Wythe, VA",49194
51510,"Alexandria (Independent City), VA",120602
51550,"Chesapeake (Independent City), VA",65771
51650,"Hampton (Independent City), VA",54848
51700,"Newport News (Independent City), VA",53320
51710,"Norfolk (Independent City), VA",51498
51740,"Portsmouth (Independent City), VA",50593
51760,"Richmond (Independent City), VA",80007
51770,"Roanoke (Independent City), VA",59053
51800,"Suffolk (Independent City), VA",67250
51810,"Virginia Beach (Independent City), VA",76347
51901,"Albemarle + Charlottesville, VA*",110137
51903,"Alleghany + Covington, VA*",50058
51907,"Augusta, Staunton + Waynesboro, VA*",58462
51911,"Campbell + Lynchburg, VA*",50729
51913,"Carroll + Galax, VA*",50643
51918,"Dinwiddie, Colonial Heights + Petersburg, VA*",51488
51919,"Fairfax, Fairfax City + Falls Church, VA*",114330
51921,"Frederick + Winchester, VA*",67354
51923,"Greensville + Emporia, VA*",43896
51929,"Henry + Martinsville, VA*",51414
51931,"James City + Williamsburg, VA*",84453
51933,"Montgomery + Radford, VA*",51943
51939,"Pittsylvania + Danville, VA*",50485
51941,"Prince George + Hopewell, VA*",44445
51942,"Prince William, Manassas + Manassas Park, VA*",70956
51944,"Roanoke + Salem, VA*",66590
51945,"Rockbridge, Buena Vista + Lexington, VA*",54881
51947,"Rockingham + Harrisonburg, VA*",53670
51949,"Southampton + Franklin, VA*",53653
51951,"Spotsylvania + Fredericksburg, VA*",67935
51953,"Washington + Bristol, VA*",54297
51955,"Wise + Norton, VA*",45976
51958,"York + Poquoson, VA*",76155
53001,"Adams, WA",56262
53003,"Asotin, WA",60675
53005,"Benton, WA",59950
53007,"Chelan, WA",72749
53009,"Clallam, WA",63495
53011,"Clark, WA",72024
53013,"Columbia, WA",63677
53015,"Cowlitz, WA",59669
53017,"Douglas, WA",53994
53019,"Ferry, WA",50456
53021,"Franklin, WA",50535
53023,"Garfield, WA",56298
53025,"Grant, WA",52210
53027,"Grays Harbor, WA",53029
53029,"Island, WA",74079
53031,"Jefferson, WA",72897
53033,"King, WA",128684
53035,"Kitsap, WA",77564
53037,"Kittitas, WA",59577
53039,"Klickitat, WA",60242
53041,"Lewis, WA",58706
53043,"Lincoln, WA",55034
53045,"Mason, WA",57184
53047,"Okanogan, WA",54775
53049,"Pacific, WA",52507
53051,"Pend Oreille, WA",55156
53053,"Pierce, WA",68414
53055,"San Juan, WA",99983
53057,"Skagit, WA",71399
53059,"Skamania, WA",69396
53061,"Snohomish, WA",78447
53063,"Spokane, WA",61810
53065,"Stevens, WA",52086
53067,"Thurston, WA",69277
53069,"Wahkiakum, WA",54216
53071,"Walla Walla, WA",58985
53073,"Whatcom, WA",65622
53075,"Whitman, WA",51136
53077,"Yakima, WA",54713
54001,"Barbour, WV",44716
54003,"Berkeley, WV",57203
54005,"Boone, WV",46550
54007,"Braxton, WV",44745
54009,"Brooke, WV",55439
54011,"Cabell, WV",56843
54013,"Calhoun, WV",46017
54015,"Clay, WV",44287
54017,"Doddridge, WV",41982
54019,"Fayette, WV",50745
54021,"Gilmer, WV",41468
54023,"Grant, WV",49816
54025,"Greenbrier, WV",51940
54027,"Hampshire, WV",48814
54029,"Hancock, WV",56263
54031,"Hardy, WV",47234
54033,"Harrison, WV",65896
54035,"Jackson, WV",50906
54037,"Jefferson, WV",70542
54039,"Kanawha, WV",63654
54041,"Lewis, WV",48756
54043,"Lincoln, WV",40995
54045,"Logan, WV",49013
54047,"McDowell, WV",38563
54049,"Marion, WV",53855
54051,"Marshall, WV",53299
54053,"Mason, WV",47843
54055,"Mercer, WV",50206
54057,"Mineral, WV",53207
54059,"Mingo, WV",43445
54061,"Monongalia, WV",60600
54063,"Monroe, WV",44579
54065,"Morgan, WV",49283
54067,"Nicholas, WV",45763
54069,"Ohio, WV",70326
54071,"Pendleton, WV",57145
54073,"Pleasants, WV",55197
54075,"Pocahontas, WV",55868
54077,"Preston, WV",46260
54079,"Putnam, WV",61402
54081,"Raleigh, WV",55961
54083,"Randolph, WV",50300
54085,"Ritchie, WV",57879
54087,"Roane, WV",43640
54089,"Summers, WV",46401
54091,"Taylor, WV",54335
54093,"Tucker, WV",62559
54095,"Tyler, WV",63194
54097,"Upshur, WV",48437
54099,"Wayne, WV",47014
54101,"Webster, WV",35039
54103,"Wetzel, WV",49748
54105,"Wirt, WV",46669
54107,"Wood, WV",60570
54109,"Wyoming, WV",40314
55001,"Adams, WI",49375
55003,"Ashland, WI",51395
55005,"Barron, WI",63871
55007,"Bayfield, WI",58806
55009,"Brown, WI",68296
55011,"Buffalo, WI",59353
55013,"Burnett, WI",54560
55015,"Calumet, WI",64371
55017,"Chippewa, WI",59758
55019,"Clark, WI",54674
55021,"Columbia, WI",75993
55023,"Crawford, WI",52463
55025,"Dane, WI",81203
55027,"Dodge, WI",57801
55029,"Door, WI",82172
55031,"Douglas, WI",55321
55033,"Dunn, WI",53534
55035,"Eau Claire, WI",62830
55037,"Florence, WI",68779
55039,"Fond du Lac, WI",62319
55041,"Forest, WI",51621
55043,"Grant, WI",54345
55045,"Green, WI",68126
55047,"Green Lake, WI",56649
55049,"Iowa, WI",65244
55051,"Iron, WI",59251
55053,"Jackson, WI",53121
55055,"Jefferson, WI",60938
55057,"Juneau, WI",51172
55059,"Kenosha, WI",62267
55061,"Kewaunee, WI",62402
55063,"La Crosse, WI",65407
55065,"Lafayette, WI",56858
55067,"Langlade, WI",56356
55069,"Lincoln, WI",59521
55071,"Manitowoc, WI",60076
55073,"Marathon, WI",65589
55075,"Marinette, WI",55670
55077,"Marquette, WI",54913
55078,"Menominee, WI*",43696
55079,"Milwaukee, WI",62166
55081,"Monroe, WI",55324
55083,"Oconto, WI",57341
55085,"Oneida, WI",64819
55087,"Outagamie, WI",67258
55089,"Ozaukee, WI",109947
55091,"Pepin, WI",65720
55093,"Pierce, WI",62869
55095,"Polk, WI",60035
55097,"Portage, WI",59559
55099,"Price, WI",56024
55101,"Racine, WI",65942
55103,"Richland, WI",56908
55105,"Rock, WI",58844
55107,"Rusk, WI",57504
55109,"St. Croix, WI",73222
55111,"Sauk, WI",69974
55113,"Sawyer, WI",56759
55115,"Shawano, WI*",54304
55117,"Sheboygan, WI",67247
55119,"Taylor, WI",52543
55121,"Trempealeau, WI",55519
55123,"Vernon, WI",54211
55125,"Vilas, WI",71506
55127,"Walworth, WI",70814
55129,"Washburn, WI",60638
55131,"Washington, WI",76329
55133,"Waukesha, WI",94831
55135,"Waupaca, WI",59826
55137,"Waushara, WI",51567
55139,"Winnebago, WI",62289
55141,"Wood, WI",58549
55901,"Shawano (includes Menominee), WI*",(NA)
56001,"Albany, WY",57293
56003,"Big Horn, WY",54365
56005,"Campbell, WY",64369
56007,"Carbon, WY",71711
56009,"Converse, WY",75339
56011,"Crook, WY",65854
56013,"Fremont, WY",59227
56015,"Goshen, WY",55849
56017,"Hot Springs, WY",69840
56019,"Johnson, WY",73246
56021,"Laramie, WY",66012
56023,"Lincoln, WY",77487
56025,"Natrona, WY",79903
56027,"Niobrara, WY",63095
56029,"Park, WY",80914
56031,"Platte, WY",60167
56033,"Sheridan, WY",82773
56035,"Sublette, WY",72829
56037,"Sweetwater, WY",63284
56039,"Teton, WY",532903
56041,"Uinta, WY",50370
56043,"Washakie, WY",59819
56045,"Weston, WY",56457

Legend/Footnotes
2. Per capita personal income is total personal income divided by total midyear population.
* Estimates for 1979 forward reflect Alaska Census Areas as defined by the Census Bureau; those for prior years reflect Alaska Census Divisions as defined in the 1970 Decennial Census.
* Estimates from 1988 forward separate Aleutian Islands Census Area (02010) into Aleutians East Borough (02013) and Aleutians West Census Area (02016).
* Estimates for 1991 forward separate Denali Borough (02068) from Yukon-Koyukuk Census Area (02290) and Lake and Peninsula Borough (02164) from Dillingham Census Area (02070).
"* Estimates from 1993 forward separate Skagway-Yakutat-Angoon Census Area (02231) into Skagway-Hoonah-Angoon Census Area (02232) and Yakutat City and Borough (02282). Estimates from 2008 forward separate Skagway-Hoonah-Angoon Census Area (02232) into Skagway Municipality (02230) and Hoonah-Angoon Census Area (02105). Estimates from 2009 forward separate Wrangell-Petersburg Census Area (02280) into Petersburg Census Area and Wrangell City and Borough (02275). In addition, a part of the Prince of Wales-Outer Ketchikan Census Area (02201) was annexed by Ketchikan Gateway Borough (02130) and part (Meyers Chuck Area) was included in the new Wrangell City and Borough (02275). The remainder of the Prince of Wales-Outer Ketchikan Census Area (02201) was renamed Prince of Wales-Hyder Census Area (02198). Petersburg Borough (02195) was created from part of former Petersburg Census Area and part of Hoonah-Angoon Census Area (02105) for 2013 forward. Prince of Wales-Hyder Census Area (02198) added part of the former Petersburg Census Area beginning in 2013. For years 2009-2012, Petersburg Borough (02195) reflects the geographic boundaries of the former Petersburg Census Area."
"* Wade Hampton Census Area was renamed Kusilvak Census Area (02158) on July 1, 2015."
"* On January 2, 2019, two new county equivalents were created from the former Valdez-Cordova Census Area, Alaska (02261): Chugach Census Area (02063) and Copper River Census Area (02066). Estimates for 2020 forward reflect these changes."
"* La Paz County, AZ was separated from Yuma County on January 1, 1983."
"* Broomfield County, CO, was created from parts of Adams, Boulder, Jefferson, and Weld counties effective November 15, 2001. Estimates for Broomfield county begin with 2002."
"* Kalawao County, Hawaii is combined with Maui County. Separate estimates for the jurisdictions making up the combination areas are not available."
"* Cibola, NM was separated from Valencia in June 1981, but in these estimates, Valencia includes Cibola through the end of 1981."
"* Shannon County, SD was renamed to Oglala Lakota County, SD on May 1, 2015."
"* Virginia combination areas consist of one or two independent cities with 1980 populations of less than 100,000 combined with an adjacent county. The county name appears first, followed by the city name(s). Separate estimates for the jurisdictions making up the combination area are not available. Bedford County, VA includes the independent city of Bedford for all years."
"* Shawano, WI and Menominee, WI are combined as Shawano (incl. Menominee), WI for the years prior to 1989."
* Estimates for 2024 forward reflect Connecticut county-level statistics using the state’s nine planning regions.
Note. All dollar estimates are in thousands of current dollars (not adjusted for inflation). Statistics presented in thousands of dollars do not indicate more precision than statistics presented in millions of dollars.
(NA) Not available.
"  Last updated: February 5, 2026-- new statistics for 2024; revised statistics for 2020-2023."
